timestamp,entropy,pnl_base,cost_base
1735689600,0.1,0.00008,0.00004
1735689660,0.1,0.00008,0.00004
1735689720,0.1,0.00008,0.00004
1735689780,0.1,0.00008,0.00004
1735689840,0.1,0.00008,0.00004
1735689900,0.1,0.00008,0.00004
1735689960,0.1,0.00008,0.00004
1735690020,0.1,0.00008,0.00004
1735690080,0.1,0.00008,0.00004
1735690140,0.1,0.00008,0.00004
1735690200,0.1,0.00008,0.00004
1735690260,0.1,0.00008,0.00004
1735690320,0.1,0.00008,0.00004
1735690380,0.1,0.00008,0.00004
1735690440,0.1,0.00008,0.00004
1735690500,0.1,0.00008,0.00004
1735690560,0.1,0.00008,0.00004
1735690620,0.1,0.00008,0.00004
1735690680,0.1,0.00008,0.00004
1735690740,0.1,0.00008,0.00004
1735690800,0.1,0.00008,0.00004
1735690860,0.1,0.00008,0.00004
1735690920,0.1,0.00008,0.00004
1735690980,0.1,0.00008,0.00004
1735691040,0.1,0.00008,0.00004
1735691100,0.1,0.00008,0.00004
1735691160,0.1,0.00008,0.00004
1735691220,0.1,0.00008,0.00004
1735691280,0.1,0.00008,0.00004
1735691340,0.1,0.00008,0.00004
1735691400,0.1,0.00008,0.00004
1735691460,0.1,0.00008,0.00004
1735691520,0.1,0.00008,0.00004
1735691580,0.1,0.00008,0.00004
1735691640,0.1,0.00008,0.00004
1735691700,0.1,0.00008,0.00004
1735691760,0.1,0.00008,0.00004
1735691820,0.1,0.00008,0.00004
1735691880,0.1,0.00008,0.00004
1735691940,0.1,0.00008,0.00004
1735692000,0.1,0.00008,0.00004
1735692060,0.1,0.00008,0.00004
1735692120,0.1,0.00008,0.00004
1735692180,0.1,0.00008,0.00004
1735692240,0.1,0.00008,0.00004
1735692300,0.1,0.00008,0.00004
1735692360,0.1,0.00008,0.00004
1735692420,0.1,0.00008,0.00004
1735692480,0.1,0.00008,0.00004
1735692540,0.1,0.00008,0.00004
1735692600,0.1,0.00008,0.00004
1735692660,0.1,0.00008,0.00004
1735692720,0.1,0.00008,0.00004
1735692780,0.1,0.00008,0.00004
1735692840,0.1,0.00008,0.00004
1735692900,0.1,0.00008,0.00004
1735692960,0.1,0.00008,0.00004
1735693020,0.1,0.00008,0.00004
1735693080,0.1,0.00008,0.00004
1735693140,0.1,0.00008,0.00004
1735693200,0.1,0.00008,0.00004
1735693260,0.1,0.00008,0.00004
1735693320,0.1,0.00008,0.00004
1735693380,0.1,0.00008,0.00004
1735693440,0.1,0.00008,0.00004
1735693500,0.1,0.00008,0.00004
1735693560,0.1,0.00008,0.00004
1735693620,0.1,0.00008,0.00004
1735693680,0.1,0.00008,0.00004
1735693740,0.1,0.00008,0.00004
1735693800,0.1,0.00008,0.00004
1735693860,0.1,0.00008,0.00004
1735693920,0.1,0.00008,0.00004
1735693980,0.1,0.00008,0.00004
1735694040,0.1,0.00008,0.00004
1735694100,0.1,0.00008,0.00004
1735694160,0.1,0.00008,0.00004
1735694220,0.1,0.00008,0.00004
1735694280,0.1,0.00008,0.00004
1735694340,0.1,0.00008,0.00004
1735694400,0.18,0.00008,0.00004
1735694460,0.18,0.00008,0.00004
1735694520,0.18,0.00008,0.00004
1735694580,0.18,0.00008,0.00004
1735694640,0.18,0.00008,0.00004
1735694700,0.18,0.00008,0.00004
1735694760,0.18,0.00008,0.00004
1735694820,0.18,0.00008,0.00004
1735694880,0.18,0.00008,0.00004
1735694940,0.18,0.00008,0.00004
1735695000,0.18,0.00008,0.00004
1735695060,0.18,0.00008,0.00004
1735695120,0.18,0.00008,0.00004
1735695180,0.18,0.00008,0.00004
1735695240,0.18,0.00008,0.00004
1735695300,0.18,0.00008,0.00004
1735695360,0.18,0.00008,0.00004
1735695420,0.18,0.00008,0.00004
1735695480,0.18,0.00008,0.00004
1735695540,0.18,0.00008,0.00004
1735695600,0.18,0.00008,0.00004
1735695660,0.18,0.00008,0.00004
1735695720,0.18,0.00008,0.00004
1735695780,0.18,0.00008,0.00004
1735695840,0.18,0.00008,0.00004
1735695900,0.18,0.00008,0.00004
1735695960,0.18,0.00008,0.00004
1735696020,0.18,0.00008,0.00004
1735696080,0.18,0.00008,0.00004
1735696140,0.18,0.00008,0.00004
1735696200,0.18,0.00008,0.00004
1735696260,0.18,0.00008,0.00004
1735696320,0.18,0.00008,0.00004
1735696380,0.18,0.00008,0.00004
1735696440,0.18,0.00008,0.00004
1735696500,0.18,0.00008,0.00004
1735696560,0.18,0.00008,0.00004
1735696620,0.18,0.00008,0.00004
1735696680,0.18,0.00008,0.00004
1735696740,0.18,0.00008,0.00004
1735696800,0.18,0.00008,0.00004
1735696860,0.18,0.00008,0.00004
1735696920,0.18,0.00008,0.00004
1735696980,0.18,0.00008,0.00004
1735697040,0.18,0.00008,0.00004
1735697100,0.18,0.00008,0.00004
1735697160,0.18,0.00008,0.00004
1735697220,0.18,0.00008,0.00004
1735697280,0.18,0.00008,0.00004
1735697340,0.18,0.00008,0.00004
1735697400,0.18,0.00008,0.00004
1735697460,0.18,0.00008,0.00004
1735697520,0.18,0.00008,0.00004
1735697580,0.18,0.00008,0.00004
1735697640,0.18,0.00008,0.00004
1735697700,0.18,0.00008,0.00004
1735697760,0.18,0.00008,0.00004
1735697820,0.18,0.00008,0.00004
1735697880,0.18,0.00008,0.00004
1735697940,0.18,0.00008,0.00004
1735698000,0.18,0.00008,0.00004
1735698060,0.18,0.00008,0.00004
1735698120,0.18,0.00008,0.00004
1735698180,0.18,0.00008,0.00004
1735698240,0.18,0.00008,0.00004
1735698300,0.18,0.00008,0.00004
1735698360,0.18,0.00008,0.00004
1735698420,0.18,0.00008,0.00004
1735698480,0.18,0.00008,0.00004
1735698540,0.18,0.00008,0.00004
1735698600,0.22,0.00008,0.00004
1735698660,0.22,0.00008,0.00004
1735698720,0.22,0.00008,0.00004
1735698780,0.22,0.00008,0.00004
1735698840,0.22,0.00008,0.00004
1735698900,0.22,0.00008,0.00004
1735698960,0.22,0.00008,0.00004
1735699020,0.22,0.00008,0.00004
1735699080,0.22,0.00008,0.00004
1735699140,0.22,0.00008,0.00004
1735699200,0.22,0.00008,0.00004
1735699260,0.22,0.00008,0.00004
1735699320,0.22,0.00008,0.00004
1735699380,0.22,0.00008,0.00004
1735699440,0.22,0.00008,0.00004
1735699500,0.22,0.00008,0.00004
1735699560,0.22,0.00008,0.00004
1735699620,0.22,0.00008,0.00004
1735699680,0.22,0.00008,0.00004
1735699740,0.22,0.00008,0.00004
1735699800,0.22,0.00008,0.00004
1735699860,0.22,0.00008,0.00004
1735699920,0.22,0.00008,0.00004
1735699980,0.22,0.00008,0.00004
1735700040,0.22,0.00008,0.00004
1735700100,0.22,0.00008,0.00004
1735700160,0.22,0.00008,0.00004
1735700220,0.22,0.00008,0.00004
1735700280,0.22,0.00008,0.00004
1735700340,0.22,0.00008,0.00004
1735700400,0.22,0.00008,0.00004
1735700460,0.22,0.00008,0.00004
1735700520,0.22,0.00008,0.00004
1735700580,0.22,0.00008,0.00004
1735700640,0.22,0.00008,0.00004
1735700700,0.22,0.00008,0.00004
1735700760,0.22,0.00008,0.00004
1735700820,0.22,0.00008,0.00004
1735700880,0.22,0.00008,0.00004
1735700940,0.22,0.00008,0.00004
1735701000,0.22,0.00008,0.00004
1735701060,0.22,0.00008,0.00004
1735701120,0.22,0.00008,0.00004
1735701180,0.22,0.00008,0.00004
1735701240,0.22,0.00008,0.00004
1735701300,0.22,0.00008,0.00004
1735701360,0.22,0.00008,0.00004
1735701420,0.22,0.00008,0.00004
1735701480,0.22,0.00008,0.00004
1735701540,0.22,0.00008,0.00004
1735701600,0.27,0.00008,0.00004
1735701660,0.27,0.00008,0.00004
1735701720,0.27,0.00008,0.00004
1735701780,0.27,0.00008,0.00004
1735701840,0.27,0.00008,0.00004
1735701900,0.27,0.00008,0.00004
1735701960,0.27,0.00008,0.00004
1735702020,0.27,0.00008,0.00004
1735702080,0.27,0.00008,0.00004
1735702140,0.27,0.00008,0.00004
1735702200,0.27,0.00008,0.00004
1735702260,0.27,0.00008,0.00004
1735702320,0.27,0.00008,0.00004
1735702380,0.27,0.00008,0.00004
1735702440,0.27,0.00008,0.00004
1735702500,0.27,0.00008,0.00004
1735702560,0.27,0.00008,0.00004
1735702620,0.27,0.00008,0.00004
1735702680,0.27,0.00008,0.00004
1735702740,0.27,0.00008,0.00004
1735702800,0.27,0.00008,0.00004
1735702860,0.27,0.00008,0.00004
1735702920,0.27,0.00008,0.00004
1735702980,0.27,0.00008,0.00004
1735703040,0.27,0.00008,0.00004
1735703100,0.27,0.00008,0.00004
1735703160,0.27,0.00008,0.00004
1735703220,0.27,0.00008,0.00004
1735703280,0.27,0.00008,0.00004
1735703340,0.27,0.00008,0.00004
1735703400,0.27,0.00008,0.00004
1735703460,0.27,0.00008,0.00004
1735703520,0.27,0.00008,0.00004
1735703580,0.27,0.00008,0.00004
1735703640,0.27,0.00008,0.00004
1735703700,0.27,0.00008,0.00004
1735703760,0.27,0.00008,0.00004
1735703820,0.27,0.00008,0.00004
1735703880,0.27,0.00008,0.00004
1735703940,0.27,0.00008,0.00004
1735704000,0.1,0.00008,0.00004
1735704060,0.1,0.00008,0.00004
1735704120,0.1,0.00008,0.00004
1735704180,0.1,0.00008,0.00004
1735704240,0.1,0.00008,0.00004
1735704300,0.1,0.00008,0.00004
1735704360,0.1,0.00008,0.00004
1735704420,0.1,0.00008,0.00004
1735704480,0.1,0.00008,0.00004
1735704540,0.1,0.00008,0.00004
1735704600,0.1,0.00008,0.00004
1735704660,0.1,0.00008,0.00004
1735704720,0.1,0.00008,0.00004
1735704780,0.1,0.00008,0.00004
1735704840,0.1,0.00008,0.00004
1735704900,0.1,0.00008,0.00004
1735704960,0.1,0.00008,0.00004
1735705020,0.1,0.00008,0.00004
1735705080,0.1,0.00008,0.00004
1735705140,0.1,0.00008,0.00004
1735705200,0.1,0.00008,0.00004
1735705260,0.1,0.00008,0.00004
1735705320,0.1,0.00008,0.00004
1735705380,0.1,0.00008,0.00004
1735705440,0.1,0.00008,0.00004
1735705500,0.1,0.00008,0.00004
1735705560,0.1,0.00008,0.00004
1735705620,0.1,0.00008,0.00004
1735705680,0.1,0.00008,0.00004
1735705740,0.1,0.00008,0.00004
1735705800,0.1,0.00008,0.00004
1735705860,0.1,0.00008,0.00004
1735705920,0.1,0.00008,0.00004
1735705980,0.1,0.00008,0.00004
1735706040,0.1,0.00008,0.00004
1735706100,0.1,0.00008,0.00004
1735706160,0.1,0.00008,0.00004
1735706220,0.1,0.00008,0.00004
1735706280,0.1,0.00008,0.00004
1735706340,0.1,0.00008,0.00004
1735706400,0.1,0.00008,0.00004
1735706460,0.1,0.00008,0.00004
1735706520,0.1,0.00008,0.00004
1735706580,0.1,0.00008,0.00004
1735706640,0.1,0.00008,0.00004
1735706700,0.1,0.00008,0.00004
1735706760,0.1,0.00008,0.00004
1735706820,0.1,0.00008,0.00004
1735706880,0.1,0.00008,0.00004
1735706940,0.1,0.00008,0.00004
1735707000,0.1,0.00008,0.00004
1735707060,0.1,0.00008,0.00004
1735707120,0.1,0.00008,0.00004
1735707180,0.1,0.00008,0.00004
1735707240,0.1,0.00008,0.00004
1735707300,0.1,0.00008,0.00004
1735707360,0.1,0.00008,0.00004
1735707420,0.1,0.00008,0.00004
1735707480,0.1,0.00008,0.00004
1735707540,0.1,0.00008,0.00004
1735707600,0.1,0.00008,0.00004
1735707660,0.1,0.00008,0.00004
1735707720,0.1,0.00008,0.00004
1735707780,0.1,0.00008,0.00004
1735707840,0.1,0.00008,0.00004
1735707900,0.1,0.00008,0.00004
1735707960,0.1,0.00008,0.00004
1735708020,0.1,0.00008,0.00004
1735708080,0.1,0.00008,0.00004
1735708140,0.1,0.00008,0.00004
1735708200,0.1,0.00008,0.00004
1735708260,0.1,0.00008,0.00004
1735708320,0.1,0.00008,0.00004
1735708380,0.1,0.00008,0.00004
1735708440,0.1,0.00008,0.00004
1735708500,0.1,0.00008,0.00004
1735708560,0.1,0.00008,0.00004
1735708620,0.1,0.00008,0.00004
1735708680,0.1,0.00008,0.00004
1735708740,0.1,0.00008,0.00004
1735708800,0.18,0.00008,0.00004
1735708860,0.18,0.00008,0.00004
1735708920,0.18,0.00008,0.00004
1735708980,0.18,0.00008,0.00004
1735709040,0.18,0.00008,0.00004
1735709100,0.18,0.00008,0.00004
1735709160,0.18,0.00008,0.00004
1735709220,0.18,0.00008,0.00004
1735709280,0.18,0.00008,0.00004
1735709340,0.18,0.00008,0.00004
1735709400,0.18,0.00008,0.00004
1735709460,0.18,0.00008,0.00004
1735709520,0.18,0.00008,0.00004
1735709580,0.18,0.00008,0.00004
1735709640,0.18,0.00008,0.00004
1735709700,0.18,0.00008,0.00004
1735709760,0.18,0.00008,0.00004
1735709820,0.18,0.00008,0.00004
1735709880,0.18,0.00008,0.00004
1735709940,0.18,0.00008,0.00004
1735710000,0.18,0.00008,0.00004
1735710060,0.18,0.00008,0.00004
1735710120,0.18,0.00008,0.00004
1735710180,0.18,0.00008,0.00004
1735710240,0.18,0.00008,0.00004
1735710300,0.18,0.00008,0.00004
1735710360,0.18,0.00008,0.00004
1735710420,0.18,0.00008,0.00004
1735710480,0.18,0.00008,0.00004
1735710540,0.18,0.00008,0.00004
1735710600,0.18,0.00008,0.00004
1735710660,0.18,0.00008,0.00004
1735710720,0.18,0.00008,0.00004
1735710780,0.18,0.00008,0.00004
1735710840,0.18,0.00008,0.00004
1735710900,0.18,0.00008,0.00004
1735710960,0.18,0.00008,0.00004
1735711020,0.18,0.00008,0.00004
1735711080,0.18,0.00008,0.00004
1735711140,0.18,0.00008,0.00004
1735711200,0.18,0.00008,0.00004
1735711260,0.18,0.00008,0.00004
1735711320,0.18,0.00008,0.00004
1735711380,0.18,0.00008,0.00004
1735711440,0.18,0.00008,0.00004
1735711500,0.18,0.00008,0.00004
1735711560,0.18,0.00008,0.00004
1735711620,0.18,0.00008,0.00004
1735711680,0.18,0.00008,0.00004
1735711740,0.18,0.00008,0.00004
1735711800,0.18,0.00008,0.00004
1735711860,0.18,0.00008,0.00004
1735711920,0.18,0.00008,0.00004
1735711980,0.18,0.00008,0.00004
1735712040,0.18,0.00008,0.00004
1735712100,0.18,0.00008,0.00004
1735712160,0.18,0.00008,0.00004
1735712220,0.18,0.00008,0.00004
1735712280,0.18,0.00008,0.00004
1735712340,0.18,0.00008,0.00004
1735712400,0.18,0.00008,0.00004
1735712460,0.18,0.00008,0.00004
1735712520,0.18,0.00008,0.00004
1735712580,0.18,0.00008,0.00004
1735712640,0.18,0.00008,0.00004
1735712700,0.18,0.00008,0.00004
1735712760,0.18,0.00008,0.00004
1735712820,0.18,0.00008,0.00004
1735712880,0.18,0.00008,0.00004
1735712940,0.18,0.00008,0.00004
1735713000,0.22,0.00008,0.00004
1735713060,0.22,0.00008,0.00004
1735713120,0.22,0.00008,0.00004
1735713180,0.22,0.00008,0.00004
1735713240,0.22,0.00008,0.00004
1735713300,0.22,0.00008,0.00004
1735713360,0.22,0.00008,0.00004
1735713420,0.22,0.00008,0.00004
1735713480,0.22,0.00008,0.00004
1735713540,0.22,0.00008,0.00004
1735713600,0.22,0.00008,0.00004
1735713660,0.22,0.00008,0.00004
1735713720,0.22,0.00008,0.00004
1735713780,0.22,0.00008,0.00004
1735713840,0.22,0.00008,0.00004
1735713900,0.22,0.00008,0.00004
1735713960,0.22,0.00008,0.00004
1735714020,0.22,0.00008,0.00004
1735714080,0.22,0.00008,0.00004
1735714140,0.22,0.00008,0.00004
1735714200,0.22,0.00008,0.00004
1735714260,0.22,0.00008,0.00004
1735714320,0.22,0.00008,0.00004
1735714380,0.22,0.00008,0.00004
1735714440,0.22,0.00008,0.00004
1735714500,0.22,0.00008,0.00004
1735714560,0.22,0.00008,0.00004
1735714620,0.22,0.00008,0.00004
1735714680,0.22,0.00008,0.00004
1735714740,0.22,0.00008,0.00004
1735714800,0.22,0.00008,0.00004
1735714860,0.22,0.00008,0.00004
1735714920,0.22,0.00008,0.00004
1735714980,0.22,0.00008,0.00004
1735715040,0.22,0.00008,0.00004
1735715100,0.22,0.00008,0.00004
1735715160,0.22,0.00008,0.00004
1735715220,0.22,0.00008,0.00004
1735715280,0.22,0.00008,0.00004
1735715340,0.22,0.00008,0.00004
1735715400,0.22,0.00008,0.00004
1735715460,0.22,0.00008,0.00004
1735715520,0.22,0.00008,0.00004
1735715580,0.22,0.00008,0.00004
1735715640,0.22,0.00008,0.00004
1735715700,0.22,0.00008,0.00004
1735715760,0.22,0.00008,0.00004
1735715820,0.22,0.00008,0.00004
1735715880,0.22,0.00008,0.00004
1735715940,0.22,0.00008,0.00004
1735716000,0.27,0.00008,0.00004
1735716060,0.27,0.00008,0.00004
1735716120,0.27,0.00008,0.00004
1735716180,0.27,0.00008,0.00004
1735716240,0.27,0.00008,0.00004
1735716300,0.27,0.00008,0.00004
1735716360,0.27,0.00008,0.00004
1735716420,0.27,0.00008,0.00004
1735716480,0.27,0.00008,0.00004
1735716540,0.27,0.00008,0.00004
1735716600,0.27,0.00008,0.00004
1735716660,0.27,0.00008,0.00004
1735716720,0.27,0.00008,0.00004
1735716780,0.27,0.00008,0.00004
1735716840,0.27,0.00008,0.00004
1735716900,0.27,0.00008,0.00004
1735716960,0.27,0.00008,0.00004
1735717020,0.27,0.00008,0.00004
1735717080,0.27,0.00008,0.00004
1735717140,0.27,0.00008,0.00004
1735717200,0.27,0.00008,0.00004
1735717260,0.27,0.00008,0.00004
1735717320,0.27,0.00008,0.00004
1735717380,0.27,0.00008,0.00004
1735717440,0.27,0.00008,0.00004
1735717500,0.27,0.00008,0.00004
1735717560,0.27,0.00008,0.00004
1735717620,0.27,0.00008,0.00004
1735717680,0.27,0.00008,0.00004
1735717740,0.27,0.00008,0.00004
1735717800,0.27,0.00008,0.00004
1735717860,0.27,0.00008,0.00004
1735717920,0.27,0.00008,0.00004
1735717980,0.27,0.00008,0.00004
1735718040,0.27,0.00008,0.00004
1735718100,0.27,0.00008,0.00004
1735718160,0.27,0.00008,0.00004
1735718220,0.27,0.00008,0.00004
1735718280,0.27,0.00008,0.00004
1735718340,0.27,0.00008,0.00004
1735718400,0.1,0.00008,0.00004
1735718460,0.1,0.00008,0.00004
1735718520,0.1,0.00008,0.00004
1735718580,0.1,0.00008,0.00004
1735718640,0.1,0.00008,0.00004
1735718700,0.1,0.00008,0.00004
1735718760,0.1,0.00008,0.00004
1735718820,0.1,0.00008,0.00004
1735718880,0.1,0.00008,0.00004
1735718940,0.1,0.00008,0.00004
1735719000,0.1,0.00008,0.00004
1735719060,0.1,0.00008,0.00004
1735719120,0.1,0.00008,0.00004
1735719180,0.1,0.00008,0.00004
1735719240,0.1,0.00008,0.00004
1735719300,0.1,0.00008,0.00004
1735719360,0.1,0.00008,0.00004
1735719420,0.1,0.00008,0.00004
1735719480,0.1,0.00008,0.00004
1735719540,0.1,0.00008,0.00004
1735719600,0.1,0.00008,0.00004
1735719660,0.1,0.00008,0.00004
1735719720,0.1,0.00008,0.00004
1735719780,0.1,0.00008,0.00004
1735719840,0.1,0.00008,0.00004
1735719900,0.1,0.00008,0.00004
1735719960,0.1,0.00008,0.00004
1735720020,0.1,0.00008,0.00004
1735720080,0.1,0.00008,0.00004
1735720140,0.1,0.00008,0.00004
1735720200,0.1,0.00008,0.00004
1735720260,0.1,0.00008,0.00004
1735720320,0.1,0.00008,0.00004
1735720380,0.1,0.00008,0.00004
1735720440,0.1,0.00008,0.00004
1735720500,0.1,0.00008,0.00004
1735720560,0.1,0.00008,0.00004
1735720620,0.1,0.00008,0.00004
1735720680,0.1,0.00008,0.00004
1735720740,0.1,0.00008,0.00004
1735720800,0.1,0.00008,0.00004
1735720860,0.1,0.00008,0.00004
1735720920,0.1,0.00008,0.00004
1735720980,0.1,0.00008,0.00004
1735721040,0.1,0.00008,0.00004
1735721100,0.1,0.00008,0.00004
1735721160,0.1,0.00008,0.00004
1735721220,0.1,0.00008,0.00004
1735721280,0.1,0.00008,0.00004
1735721340,0.1,0.00008,0.00004
1735721400,0.1,0.00008,0.00004
1735721460,0.1,0.00008,0.00004
1735721520,0.1,0.00008,0.00004
1735721580,0.1,0.00008,0.00004
1735721640,0.1,0.00008,0.00004
1735721700,0.1,0.00008,0.00004
1735721760,0.1,0.00008,0.00004
1735721820,0.1,0.00008,0.00004
1735721880,0.1,0.00008,0.00004
1735721940,0.1,0.00008,0.00004
1735722000,0.1,0.00008,0.00004
1735722060,0.1,0.00008,0.00004
1735722120,0.1,0.00008,0.00004
1735722180,0.1,0.00008,0.00004
1735722240,0.1,0.00008,0.00004
1735722300,0.1,0.00008,0.00004
1735722360,0.1,0.00008,0.00004
1735722420,0.1,0.00008,0.00004
1735722480,0.1,0.00008,0.00004
1735722540,0.1,0.00008,0.00004
1735722600,0.1,0.00008,0.00004
1735722660,0.1,0.00008,0.00004
1735722720,0.1,0.00008,0.00004
1735722780,0.1,0.00008,0.00004
1735722840,0.1,0.00008,0.00004
1735722900,0.1,0.00008,0.00004
1735722960,0.1,0.00008,0.00004
1735723020,0.1,0.00008,0.00004
1735723080,0.1,0.00008,0.00004
1735723140,0.1,0.00008,0.00004
1735723200,0.18,0.00008,0.00004
1735723260,0.18,0.00008,0.00004
1735723320,0.18,0.00008,0.00004
1735723380,0.18,0.00008,0.00004
1735723440,0.18,0.00008,0.00004
1735723500,0.18,0.00008,0.00004
1735723560,0.18,0.00008,0.00004
1735723620,0.18,0.00008,0.00004
1735723680,0.18,0.00008,0.00004
1735723740,0.18,0.00008,0.00004
1735723800,0.18,0.00008,0.00004
1735723860,0.18,0.00008,0.00004
1735723920,0.18,0.00008,0.00004
1735723980,0.18,0.00008,0.00004
1735724040,0.18,0.00008,0.00004
1735724100,0.18,0.00008,0.00004
1735724160,0.18,0.00008,0.00004
1735724220,0.18,0.00008,0.00004
1735724280,0.18,0.00008,0.00004
1735724340,0.18,0.00008,0.00004
1735724400,0.18,0.00008,0.00004
1735724460,0.18,0.00008,0.00004
1735724520,0.18,0.00008,0.00004
1735724580,0.18,0.00008,0.00004
1735724640,0.18,0.00008,0.00004
1735724700,0.18,0.00008,0.00004
1735724760,0.18,0.00008,0.00004
1735724820,0.18,0.00008,0.00004
1735724880,0.18,0.00008,0.00004
1735724940,0.18,0.00008,0.00004
1735725000,0.18,0.00008,0.00004
1735725060,0.18,0.00008,0.00004
1735725120,0.18,0.00008,0.00004
1735725180,0.18,0.00008,0.00004
1735725240,0.18,0.00008,0.00004
1735725300,0.18,0.00008,0.00004
1735725360,0.18,0.00008,0.00004
1735725420,0.18,0.00008,0.00004
1735725480,0.18,0.00008,0.00004
1735725540,0.18,0.00008,0.00004
1735725600,0.18,0.00008,0.00004
1735725660,0.18,0.00008,0.00004
1735725720,0.18,0.00008,0.00004
1735725780,0.18,0.00008,0.00004
1735725840,0.18,0.00008,0.00004
1735725900,0.18,0.00008,0.00004
1735725960,0.18,0.00008,0.00004
1735726020,0.18,0.00008,0.00004
1735726080,0.18,0.00008,0.00004
1735726140,0.18,0.00008,0.00004
1735726200,0.18,0.00008,0.00004
1735726260,0.18,0.00008,0.00004
1735726320,0.18,0.00008,0.00004
1735726380,0.18,0.00008,0.00004
1735726440,0.18,0.00008,0.00004
1735726500,0.18,0.00008,0.00004
1735726560,0.18,0.00008,0.00004
1735726620,0.18,0.00008,0.00004
1735726680,0.18,0.00008,0.00004
1735726740,0.18,0.00008,0.00004
1735726800,0.18,0.00008,0.00004
1735726860,0.18,0.00008,0.00004
1735726920,0.18,0.00008,0.00004
1735726980,0.18,0.00008,0.00004
1735727040,0.18,0.00008,0.00004
1735727100,0.18,0.00008,0.00004
1735727160,0.18,0.00008,0.00004
1735727220,0.18,0.00008,0.00004
1735727280,0.18,0.00008,0.00004
1735727340,0.18,0.00008,0.00004
1735727400,0.22,0.00008,0.00004
1735727460,0.22,0.00008,0.00004
1735727520,0.22,0.00008,0.00004
1735727580,0.22,0.00008,0.00004
1735727640,0.22,0.00008,0.00004
1735727700,0.22,0.00008,0.00004
1735727760,0.22,0.00008,0.00004
1735727820,0.22,0.00008,0.00004
1735727880,0.22,0.00008,0.00004
1735727940,0.22,0.00008,0.00004
1735728000,0.22,0.00008,0.00004
1735728060,0.22,0.00008,0.00004
1735728120,0.22,0.00008,0.00004
1735728180,0.22,0.00008,0.00004
1735728240,0.22,0.00008,0.00004
1735728300,0.22,0.00008,0.00004
1735728360,0.22,0.00008,0.00004
1735728420,0.22,0.00008,0.00004
1735728480,0.22,0.00008,0.00004
1735728540,0.22,0.00008,0.00004
1735728600,0.22,0.00008,0.00004
1735728660,0.22,0.00008,0.00004
1735728720,0.22,0.00008,0.00004
1735728780,0.22,0.00008,0.00004
1735728840,0.22,0.00008,0.00004
1735728900,0.22,0.00008,0.00004
1735728960,0.22,0.00008,0.00004
1735729020,0.22,0.00008,0.00004
1735729080,0.22,0.00008,0.00004
1735729140,0.22,0.00008,0.00004
1735729200,0.22,0.00008,0.00004
1735729260,0.22,0.00008,0.00004
1735729320,0.22,0.00008,0.00004
1735729380,0.22,0.00008,0.00004
1735729440,0.22,0.00008,0.00004
1735729500,0.22,0.00008,0.00004
1735729560,0.22,0.00008,0.00004
1735729620,0.22,0.00008,0.00004
1735729680,0.22,0.00008,0.00004
1735729740,0.22,0.00008,0.00004
1735729800,0.22,0.00008,0.00004
1735729860,0.22,0.00008,0.00004
1735729920,0.22,0.00008,0.00004
1735729980,0.22,0.00008,0.00004
1735730040,0.22,0.00008,0.00004
1735730100,0.22,0.00008,0.00004
1735730160,0.22,0.00008,0.00004
1735730220,0.22,0.00008,0.00004
1735730280,0.22,0.00008,0.00004
1735730340,0.22,0.00008,0.00004
1735730400,0.27,0.00008,0.00004
1735730460,0.27,0.00008,0.00004
1735730520,0.27,0.00008,0.00004
1735730580,0.27,0.00008,0.00004
1735730640,0.27,0.00008,0.00004
1735730700,0.27,0.00008,0.00004
1735730760,0.27,0.00008,0.00004
1735730820,0.27,0.00008,0.00004
1735730880,0.27,0.00008,0.00004
1735730940,0.27,0.00008,0.00004
1735731000,0.27,0.00008,0.00004
1735731060,0.27,0.00008,0.00004
1735731120,0.27,0.00008,0.00004
1735731180,0.27,0.00008,0.00004
1735731240,0.27,0.00008,0.00004
1735731300,0.27,0.00008,0.00004
1735731360,0.27,0.00008,0.00004
1735731420,0.27,0.00008,0.00004
1735731480,0.27,0.00008,0.00004
1735731540,0.27,0.00008,0.00004
1735731600,0.27,0.00008,0.00004
1735731660,0.27,0.00008,0.00004
1735731720,0.27,0.00008,0.00004
1735731780,0.27,0.00008,0.00004
1735731840,0.27,0.00008,0.00004
1735731900,0.27,0.00008,0.00004
1735731960,0.27,0.00008,0.00004
1735732020,0.27,0.00008,0.00004
1735732080,0.27,0.00008,0.00004
1735732140,0.27,0.00008,0.00004
1735732200,0.27,0.00008,0.00004
1735732260,0.27,0.00008,0.00004
1735732320,0.27,0.00008,0.00004
1735732380,0.27,0.00008,0.00004
1735732440,0.27,0.00008,0.00004
1735732500,0.27,0.00008,0.00004
1735732560,0.27,0.00008,0.00004
1735732620,0.27,0.00008,0.00004
1735732680,0.27,0.00008,0.00004
1735732740,0.27,0.00008,0.00004
1735732800,0.1,0.00008,0.00004
1735732860,0.1,0.00008,0.00004
1735732920,0.1,0.00008,0.00004
1735732980,0.1,0.00008,0.00004
1735733040,0.1,0.00008,0.00004
1735733100,0.1,0.00008,0.00004
1735733160,0.1,0.00008,0.00004
1735733220,0.1,0.00008,0.00004
1735733280,0.1,0.00008,0.00004
1735733340,0.1,0.00008,0.00004
1735733400,0.1,0.00008,0.00004
1735733460,0.1,0.00008,0.00004
1735733520,0.1,0.00008,0.00004
1735733580,0.1,0.00008,0.00004
1735733640,0.1,0.00008,0.00004
1735733700,0.1,0.00008,0.00004
1735733760,0.1,0.00008,0.00004
1735733820,0.1,0.00008,0.00004
1735733880,0.1,0.00008,0.00004
1735733940,0.1,0.00008,0.00004
1735734000,0.1,0.00008,0.00004
1735734060,0.1,0.00008,0.00004
1735734120,0.1,0.00008,0.00004
1735734180,0.1,0.00008,0.00004
1735734240,0.1,0.00008,0.00004
1735734300,0.1,0.00008,0.00004
1735734360,0.1,0.00008,0.00004
1735734420,0.1,0.00008,0.00004
1735734480,0.1,0.00008,0.00004
1735734540,0.1,0.00008,0.00004
1735734600,0.1,0.00008,0.00004
1735734660,0.1,0.00008,0.00004
1735734720,0.1,0.00008,0.00004
1735734780,0.1,0.00008,0.00004
1735734840,0.1,0.00008,0.00004
1735734900,0.1,0.00008,0.00004
1735734960,0.1,0.00008,0.00004
1735735020,0.1,0.00008,0.00004
1735735080,0.1,0.00008,0.00004
1735735140,0.1,0.00008,0.00004
1735735200,0.1,0.00008,0.00004
1735735260,0.1,0.00008,0.00004
1735735320,0.1,0.00008,0.00004
1735735380,0.1,0.00008,0.00004
1735735440,0.1,0.00008,0.00004
1735735500,0.1,0.00008,0.00004
1735735560,0.1,0.00008,0.00004
1735735620,0.1,0.00008,0.00004
1735735680,0.1,0.00008,0.00004
1735735740,0.1,0.00008,0.00004
1735735800,0.1,0.00008,0.00004
1735735860,0.1,0.00008,0.00004
1735735920,0.1,0.00008,0.00004
1735735980,0.1,0.00008,0.00004
1735736040,0.1,0.00008,0.00004
1735736100,0.1,0.00008,0.00004
1735736160,0.1,0.00008,0.00004
1735736220,0.1,0.00008,0.00004
1735736280,0.1,0.00008,0.00004
1735736340,0.1,0.00008,0.00004
1735736400,0.1,0.00008,0.00004
1735736460,0.1,0.00008,0.00004
1735736520,0.1,0.00008,0.00004
1735736580,0.1,0.00008,0.00004
1735736640,0.1,0.00008,0.00004
1735736700,0.1,0.00008,0.00004
1735736760,0.1,0.00008,0.00004
1735736820,0.1,0.00008,0.00004
1735736880,0.1,0.00008,0.00004
1735736940,0.1,0.00008,0.00004
1735737000,0.1,0.00008,0.00004
1735737060,0.1,0.00008,0.00004
1735737120,0.1,0.00008,0.00004
1735737180,0.1,0.00008,0.00004
1735737240,0.1,0.00008,0.00004
1735737300,0.1,0.00008,0.00004
1735737360,0.1,0.00008,0.00004
1735737420,0.1,0.00008,0.00004
1735737480,0.1,0.00008,0.00004
1735737540,0.1,0.00008,0.00004
1735737600,0.18,0.00008,0.00004
1735737660,0.18,0.00008,0.00004
1735737720,0.18,0.00008,0.00004
1735737780,0.18,0.00008,0.00004
1735737840,0.18,0.00008,0.00004
1735737900,0.18,0.00008,0.00004
1735737960,0.18,0.00008,0.00004
1735738020,0.18,0.00008,0.00004
1735738080,0.18,0.00008,0.00004
1735738140,0.18,0.00008,0.00004
1735738200,0.18,0.00008,0.00004
1735738260,0.18,0.00008,0.00004
1735738320,0.18,0.00008,0.00004
1735738380,0.18,0.00008,0.00004
1735738440,0.18,0.00008,0.00004
1735738500,0.18,0.00008,0.00004
1735738560,0.18,0.00008,0.00004
1735738620,0.18,0.00008,0.00004
1735738680,0.18,0.00008,0.00004
1735738740,0.18,0.00008,0.00004
1735738800,0.18,0.00008,0.00004
1735738860,0.18,0.00008,0.00004
1735738920,0.18,0.00008,0.00004
1735738980,0.18,0.00008,0.00004
1735739040,0.18,0.00008,0.00004
1735739100,0.18,0.00008,0.00004
1735739160,0.18,0.00008,0.00004
1735739220,0.18,0.00008,0.00004
1735739280,0.18,0.00008,0.00004
1735739340,0.18,0.00008,0.00004
1735739400,0.18,0.00008,0.00004
1735739460,0.18,0.00008,0.00004
1735739520,0.18,0.00008,0.00004
1735739580,0.18,0.00008,0.00004
1735739640,0.18,0.00008,0.00004
1735739700,0.18,0.00008,0.00004
1735739760,0.18,0.00008,0.00004
1735739820,0.18,0.00008,0.00004
1735739880,0.18,0.00008,0.00004
1735739940,0.18,0.00008,0.00004
1735740000,0.18,0.00008,0.00004
1735740060,0.18,0.00008,0.00004
1735740120,0.18,0.00008,0.00004
1735740180,0.18,0.00008,0.00004
1735740240,0.18,0.00008,0.00004
1735740300,0.18,0.00008,0.00004
1735740360,0.18,0.00008,0.00004
1735740420,0.18,0.00008,0.00004
1735740480,0.18,0.00008,0.00004
1735740540,0.18,0.00008,0.00004
1735740600,0.18,0.00008,0.00004
1735740660,0.18,0.00008,0.00004
1735740720,0.18,0.00008,0.00004
1735740780,0.18,0.00008,0.00004
1735740840,0.18,0.00008,0.00004
1735740900,0.18,0.00008,0.00004
1735740960,0.18,0.00008,0.00004
1735741020,0.18,0.00008,0.00004
1735741080,0.18,0.00008,0.00004
1735741140,0.18,0.00008,0.00004
1735741200,0.18,0.00008,0.00004
1735741260,0.18,0.00008,0.00004
1735741320,0.18,0.00008,0.00004
1735741380,0.18,0.00008,0.00004
1735741440,0.18,0.00008,0.00004
1735741500,0.18,0.00008,0.00004
1735741560,0.18,0.00008,0.00004
1735741620,0.18,0.00008,0.00004
1735741680,0.18,0.00008,0.00004
1735741740,0.18,0.00008,0.00004
1735741800,0.22,0.00008,0.00004
1735741860,0.22,0.00008,0.00004
1735741920,0.22,0.00008,0.00004
1735741980,0.22,0.00008,0.00004
1735742040,0.22,0.00008,0.00004
1735742100,0.22,0.00008,0.00004
1735742160,0.22,0.00008,0.00004
1735742220,0.22,0.00008,0.00004
1735742280,0.22,0.00008,0.00004
1735742340,0.22,0.00008,0.00004
1735742400,0.22,0.00008,0.00004
1735742460,0.22,0.00008,0.00004
1735742520,0.22,0.00008,0.00004
1735742580,0.22,0.00008,0.00004
1735742640,0.22,0.00008,0.00004
1735742700,0.22,0.00008,0.00004
1735742760,0.22,0.00008,0.00004
1735742820,0.22,0.00008,0.00004
1735742880,0.22,0.00008,0.00004
1735742940,0.22,0.00008,0.00004
1735743000,0.22,0.00008,0.00004
1735743060,0.22,0.00008,0.00004
1735743120,0.22,0.00008,0.00004
1735743180,0.22,0.00008,0.00004
1735743240,0.22,0.00008,0.00004
1735743300,0.22,0.00008,0.00004
1735743360,0.22,0.00008,0.00004
1735743420,0.22,0.00008,0.00004
1735743480,0.22,0.00008,0.00004
1735743540,0.22,0.00008,0.00004
1735743600,0.22,0.00008,0.00004
1735743660,0.22,0.00008,0.00004
1735743720,0.22,0.00008,0.00004
1735743780,0.22,0.00008,0.00004
1735743840,0.22,0.00008,0.00004
1735743900,0.22,0.00008,0.00004
1735743960,0.22,0.00008,0.00004
1735744020,0.22,0.00008,0.00004
1735744080,0.22,0.00008,0.00004
1735744140,0.22,0.00008,0.00004
1735744200,0.22,0.00008,0.00004
1735744260,0.22,0.00008,0.00004
1735744320,0.22,0.00008,0.00004
1735744380,0.22,0.00008,0.00004
1735744440,0.22,0.00008,0.00004
1735744500,0.22,0.00008,0.00004
1735744560,0.22,0.00008,0.00004
1735744620,0.22,0.00008,0.00004
1735744680,0.22,0.00008,0.00004
1735744740,0.22,0.00008,0.00004
1735744800,0.27,0.00008,0.00004
1735744860,0.27,0.00008,0.00004
1735744920,0.27,0.00008,0.00004
1735744980,0.27,0.00008,0.00004
1735745040,0.27,0.00008,0.00004
1735745100,0.27,0.00008,0.00004
1735745160,0.27,0.00008,0.00004
1735745220,0.27,0.00008,0.00004
1735745280,0.27,0.00008,0.00004
1735745340,0.27,0.00008,0.00004
1735745400,0.27,0.00008,0.00004
1735745460,0.27,0.00008,0.00004
1735745520,0.27,0.00008,0.00004
1735745580,0.27,0.00008,0.00004
1735745640,0.27,0.00008,0.00004
1735745700,0.27,0.00008,0.00004
1735745760,0.27,0.00008,0.00004
1735745820,0.27,0.00008,0.00004
1735745880,0.27,0.00008,0.00004
1735745940,0.27,0.00008,0.00004
1735746000,0.27,0.00008,0.00004
1735746060,0.27,0.00008,0.00004
1735746120,0.27,0.00008,0.00004
1735746180,0.27,0.00008,0.00004
1735746240,0.27,0.00008,0.00004
1735746300,0.27,0.00008,0.00004
1735746360,0.27,0.00008,0.00004
1735746420,0.27,0.00008,0.00004
1735746480,0.27,0.00008,0.00004
1735746540,0.27,0.00008,0.00004
1735746600,0.27,0.00008,0.00004
1735746660,0.27,0.00008,0.00004
1735746720,0.27,0.00008,0.00004
1735746780,0.27,0.00008,0.00004
1735746840,0.27,0.00008,0.00004
1735746900,0.27,0.00008,0.00004
1735746960,0.27,0.00008,0.00004
1735747020,0.27,0.00008,0.00004
1735747080,0.27,0.00008,0.00004
1735747140,0.27,0.00008,0.00004
1735747200,0.1,0.00008,0.00004
1735747260,0.1,0.00008,0.00004
1735747320,0.1,0.00008,0.00004
1735747380,0.1,0.00008,0.00004
1735747440,0.1,0.00008,0.00004
1735747500,0.1,0.00008,0.00004
1735747560,0.1,0.00008,0.00004
1735747620,0.1,0.00008,0.00004
1735747680,0.1,0.00008,0.00004
1735747740,0.1,0.00008,0.00004
1735747800,0.1,0.00008,0.00004
1735747860,0.1,0.00008,0.00004
1735747920,0.1,0.00008,0.00004
1735747980,0.1,0.00008,0.00004
1735748040,0.1,0.00008,0.00004
1735748100,0.1,0.00008,0.00004
1735748160,0.1,0.00008,0.00004
1735748220,0.1,0.00008,0.00004
1735748280,0.1,0.00008,0.00004
1735748340,0.1,0.00008,0.00004
1735748400,0.1,0.00008,0.00004
1735748460,0.1,0.00008,0.00004
1735748520,0.1,0.00008,0.00004
1735748580,0.1,0.00008,0.00004
1735748640,0.1,0.00008,0.00004
1735748700,0.1,0.00008,0.00004
1735748760,0.1,0.00008,0.00004
1735748820,0.1,0.00008,0.00004
1735748880,0.1,0.00008,0.00004
1735748940,0.1,0.00008,0.00004
1735749000,0.1,0.00008,0.00004
1735749060,0.1,0.00008,0.00004
1735749120,0.1,0.00008,0.00004
1735749180,0.1,0.00008,0.00004
1735749240,0.1,0.00008,0.00004
1735749300,0.1,0.00008,0.00004
1735749360,0.1,0.00008,0.00004
1735749420,0.1,0.00008,0.00004
1735749480,0.1,0.00008,0.00004
1735749540,0.1,0.00008,0.00004
1735749600,0.1,0.00008,0.00004
1735749660,0.1,0.00008,0.00004
1735749720,0.1,0.00008,0.00004
1735749780,0.1,0.00008,0.00004
1735749840,0.1,0.00008,0.00004
1735749900,0.1,0.00008,0.00004
1735749960,0.1,0.00008,0.00004
1735750020,0.1,0.00008,0.00004
1735750080,0.1,0.00008,0.00004
1735750140,0.1,0.00008,0.00004
1735750200,0.1,0.00008,0.00004
1735750260,0.1,0.00008,0.00004
1735750320,0.1,0.00008,0.00004
1735750380,0.1,0.00008,0.00004
1735750440,0.1,0.00008,0.00004
1735750500,0.1,0.00008,0.00004
1735750560,0.1,0.00008,0.00004
1735750620,0.1,0.00008,0.00004
1735750680,0.1,0.00008,0.00004
1735750740,0.1,0.00008,0.00004
1735750800,0.1,0.00008,0.00004
1735750860,0.1,0.00008,0.00004
1735750920,0.1,0.00008,0.00004
1735750980,0.1,0.00008,0.00004
1735751040,0.1,0.00008,0.00004
1735751100,0.1,0.00008,0.00004
1735751160,0.1,0.00008,0.00004
1735751220,0.1,0.00008,0.00004
1735751280,0.1,0.00008,0.00004
1735751340,0.1,0.00008,0.00004
1735751400,0.1,0.00008,0.00004
1735751460,0.1,0.00008,0.00004
1735751520,0.1,0.00008,0.00004
1735751580,0.1,0.00008,0.00004
1735751640,0.1,0.00008,0.00004
1735751700,0.1,0.00008,0.00004
1735751760,0.1,0.00008,0.00004
1735751820,0.1,0.00008,0.00004
1735751880,0.1,0.00008,0.00004
1735751940,0.1,0.00008,0.00004
1735752000,0.18,0.00008,0.00004
1735752060,0.18,0.00008,0.00004
1735752120,0.18,0.00008,0.00004
1735752180,0.18,0.00008,0.00004
1735752240,0.18,0.00008,0.00004
1735752300,0.18,0.00008,0.00004
1735752360,0.18,0.00008,0.00004
1735752420,0.18,0.00008,0.00004
1735752480,0.18,0.00008,0.00004
1735752540,0.18,0.00008,0.00004
1735752600,0.18,0.00008,0.00004
1735752660,0.18,0.00008,0.00004
1735752720,0.18,0.00008,0.00004
1735752780,0.18,0.00008,0.00004
1735752840,0.18,0.00008,0.00004
1735752900,0.18,0.00008,0.00004
1735752960,0.18,0.00008,0.00004
1735753020,0.18,0.00008,0.00004
1735753080,0.18,0.00008,0.00004
1735753140,0.18,0.00008,0.00004
1735753200,0.18,0.00008,0.00004
1735753260,0.18,0.00008,0.00004
1735753320,0.18,0.00008,0.00004
1735753380,0.18,0.00008,0.00004
1735753440,0.18,0.00008,0.00004
1735753500,0.18,0.00008,0.00004
1735753560,0.18,0.00008,0.00004
1735753620,0.18,0.00008,0.00004
1735753680,0.18,0.00008,0.00004
1735753740,0.18,0.00008,0.00004
1735753800,0.18,0.00008,0.00004
1735753860,0.18,0.00008,0.00004
1735753920,0.18,0.00008,0.00004
1735753980,0.18,0.00008,0.00004
1735754040,0.18,0.00008,0.00004
1735754100,0.18,0.00008,0.00004
1735754160,0.18,0.00008,0.00004
1735754220,0.18,0.00008,0.00004
1735754280,0.18,0.00008,0.00004
1735754340,0.18,0.00008,0.00004
1735754400,0.18,0.00008,0.00004
1735754460,0.18,0.00008,0.00004
1735754520,0.18,0.00008,0.00004
1735754580,0.18,0.00008,0.00004
1735754640,0.18,0.00008,0.00004
1735754700,0.18,0.00008,0.00004
1735754760,0.18,0.00008,0.00004
1735754820,0.18,0.00008,0.00004
1735754880,0.18,0.00008,0.00004
1735754940,0.18,0.00008,0.00004
1735755000,0.18,0.00008,0.00004
1735755060,0.18,0.00008,0.00004
1735755120,0.18,0.00008,0.00004
1735755180,0.18,0.00008,0.00004
1735755240,0.18,0.00008,0.00004
1735755300,0.18,0.00008,0.00004
1735755360,0.18,0.00008,0.00004
1735755420,0.18,0.00008,0.00004
1735755480,0.18,0.00008,0.00004
1735755540,0.18,0.00008,0.00004
1735755600,0.18,0.00008,0.00004
1735755660,0.18,0.00008,0.00004
1735755720,0.18,0.00008,0.00004
1735755780,0.18,0.00008,0.00004
1735755840,0.18,0.00008,0.00004
1735755900,0.18,0.00008,0.00004
1735755960,0.18,0.00008,0.00004
1735756020,0.18,0.00008,0.00004
1735756080,0.18,0.00008,0.00004
1735756140,0.18,0.00008,0.00004
1735756200,0.22,0.00008,0.00004
1735756260,0.22,0.00008,0.00004
1735756320,0.22,0.00008,0.00004
1735756380,0.22,0.00008,0.00004
1735756440,0.22,0.00008,0.00004
1735756500,0.22,0.00008,0.00004
1735756560,0.22,0.00008,0.00004
1735756620,0.22,0.00008,0.00004
1735756680,0.22,0.00008,0.00004
1735756740,0.22,0.00008,0.00004
1735756800,0.22,0.00008,0.00004
1735756860,0.22,0.00008,0.00004
1735756920,0.22,0.00008,0.00004
1735756980,0.22,0.00008,0.00004
1735757040,0.22,0.00008,0.00004
1735757100,0.22,0.00008,0.00004
1735757160,0.22,0.00008,0.00004
1735757220,0.22,0.00008,0.00004
1735757280,0.22,0.00008,0.00004
1735757340,0.22,0.00008,0.00004
1735757400,0.22,0.00008,0.00004
1735757460,0.22,0.00008,0.00004
1735757520,0.22,0.00008,0.00004
1735757580,0.22,0.00008,0.00004
1735757640,0.22,0.00008,0.00004
1735757700,0.22,0.00008,0.00004
1735757760,0.22,0.00008,0.00004
1735757820,0.22,0.00008,0.00004
1735757880,0.22,0.00008,0.00004
1735757940,0.22,0.00008,0.00004
1735758000,0.22,0.00008,0.00004
1735758060,0.22,0.00008,0.00004
1735758120,0.22,0.00008,0.00004
1735758180,0.22,0.00008,0.00004
1735758240,0.22,0.00008,0.00004
1735758300,0.22,0.00008,0.00004
1735758360,0.22,0.00008,0.00004
1735758420,0.22,0.00008,0.00004
1735758480,0.22,0.00008,0.00004
1735758540,0.22,0.00008,0.00004
1735758600,0.22,0.00008,0.00004
1735758660,0.22,0.00008,0.00004
1735758720,0.22,0.00008,0.00004
1735758780,0.22,0.00008,0.00004
1735758840,0.22,0.00008,0.00004
1735758900,0.22,0.00008,0.00004
1735758960,0.22,0.00008,0.00004
1735759020,0.22,0.00008,0.00004
1735759080,0.22,0.00008,0.00004
1735759140,0.22,0.00008,0.00004
1735759200,0.27,0.00008,0.00004
1735759260,0.27,0.00008,0.00004
1735759320,0.27,0.00008,0.00004
1735759380,0.27,0.00008,0.00004
1735759440,0.27,0.00008,0.00004
1735759500,0.27,0.00008,0.00004
1735759560,0.27,0.00008,0.00004
1735759620,0.27,0.00008,0.00004
1735759680,0.27,0.00008,0.00004
1735759740,0.27,0.00008,0.00004
1735759800,0.27,0.00008,0.00004
1735759860,0.27,0.00008,0.00004
1735759920,0.27,0.00008,0.00004
1735759980,0.27,0.00008,0.00004
1735760040,0.27,0.00008,0.00004
1735760100,0.27,0.00008,0.00004
1735760160,0.27,0.00008,0.00004
1735760220,0.27,0.00008,0.00004
1735760280,0.27,0.00008,0.00004
1735760340,0.27,0.00008,0.00004
1735760400,0.27,0.00008,0.00004
1735760460,0.27,0.00008,0.00004
1735760520,0.27,0.00008,0.00004
1735760580,0.27,0.00008,0.00004
1735760640,0.27,0.00008,0.00004
1735760700,0.27,0.00008,0.00004
1735760760,0.27,0.00008,0.00004
1735760820,0.27,0.00008,0.00004
1735760880,0.27,0.00008,0.00004
1735760940,0.27,0.00008,0.00004
1735761000,0.27,0.00008,0.00004
1735761060,0.27,0.00008,0.00004
1735761120,0.27,0.00008,0.00004
1735761180,0.27,0.00008,0.00004
1735761240,0.27,0.00008,0.00004
1735761300,0.27,0.00008,0.00004
1735761360,0.27,0.00008,0.00004
1735761420,0.27,0.00008,0.00004
1735761480,0.27,0.00008,0.00004
1735761540,0.27,0.00008,0.00004
1735761600,0.1,0.00008,0.00004
1735761660,0.1,0.00008,0.00004
1735761720,0.1,0.00008,0.00004
1735761780,0.1,0.00008,0.00004
1735761840,0.1,0.00008,0.00004
1735761900,0.1,0.00008,0.00004
1735761960,0.1,0.00008,0.00004
1735762020,0.1,0.00008,0.00004
1735762080,0.1,0.00008,0.00004
1735762140,0.1,0.00008,0.00004
1735762200,0.1,0.00008,0.00004
1735762260,0.1,0.00008,0.00004
1735762320,0.1,0.00008,0.00004
1735762380,0.1,0.00008,0.00004
1735762440,0.1,0.00008,0.00004
1735762500,0.1,0.00008,0.00004
1735762560,0.1,0.00008,0.00004
1735762620,0.1,0.00008,0.00004
1735762680,0.1,0.00008,0.00004
1735762740,0.1,0.00008,0.00004
1735762800,0.1,0.00008,0.00004
1735762860,0.1,0.00008,0.00004
1735762920,0.1,0.00008,0.00004
1735762980,0.1,0.00008,0.00004
1735763040,0.1,0.00008,0.00004
1735763100,0.1,0.00008,0.00004
1735763160,0.1,0.00008,0.00004
1735763220,0.1,0.00008,0.00004
1735763280,0.1,0.00008,0.00004
1735763340,0.1,0.00008,0.00004
1735763400,0.1,0.00008,0.00004
1735763460,0.1,0.00008,0.00004
1735763520,0.1,0.00008,0.00004
1735763580,0.1,0.00008,0.00004
1735763640,0.1,0.00008,0.00004
1735763700,0.1,0.00008,0.00004
1735763760,0.1,0.00008,0.00004
1735763820,0.1,0.00008,0.00004
1735763880,0.1,0.00008,0.00004
1735763940,0.1,0.00008,0.00004
1735764000,0.1,0.00008,0.00004
1735764060,0.1,0.00008,0.00004
1735764120,0.1,0.00008,0.00004
1735764180,0.1,0.00008,0.00004
1735764240,0.1,0.00008,0.00004
1735764300,0.1,0.00008,0.00004
1735764360,0.1,0.00008,0.00004
1735764420,0.1,0.00008,0.00004
1735764480,0.1,0.00008,0.00004
1735764540,0.1,0.00008,0.00004
1735764600,0.1,0.00008,0.00004
1735764660,0.1,0.00008,0.00004
1735764720,0.1,0.00008,0.00004
1735764780,0.1,0.00008,0.00004
1735764840,0.1,0.00008,0.00004
1735764900,0.1,0.00008,0.00004
1735764960,0.1,0.00008,0.00004
1735765020,0.1,0.00008,0.00004
1735765080,0.1,0.00008,0.00004
1735765140,0.1,0.00008,0.00004
1735765200,0.1,0.00008,0.00004
1735765260,0.1,0.00008,0.00004
1735765320,0.1,0.00008,0.00004
1735765380,0.1,0.00008,0.00004
1735765440,0.1,0.00008,0.00004
1735765500,0.1,0.00008,0.00004
1735765560,0.1,0.00008,0.00004
1735765620,0.1,0.00008,0.00004
1735765680,0.1,0.00008,0.00004
1735765740,0.1,0.00008,0.00004
1735765800,0.1,0.00008,0.00004
1735765860,0.1,0.00008,0.00004
1735765920,0.1,0.00008,0.00004
1735765980,0.1,0.00008,0.00004
1735766040,0.1,0.00008,0.00004
1735766100,0.1,0.00008,0.00004
1735766160,0.1,0.00008,0.00004
1735766220,0.1,0.00008,0.00004
1735766280,0.1,0.00008,0.00004
1735766340,0.1,0.00008,0.00004
1735766400,0.18,0.00008,0.00004
1735766460,0.18,0.00008,0.00004
1735766520,0.18,0.00008,0.00004
1735766580,0.18,0.00008,0.00004
1735766640,0.18,0.00008,0.00004
1735766700,0.18,0.00008,0.00004
1735766760,0.18,0.00008,0.00004
1735766820,0.18,0.00008,0.00004
1735766880,0.18,0.00008,0.00004
1735766940,0.18,0.00008,0.00004
1735767000,0.18,0.00008,0.00004
1735767060,0.18,0.00008,0.00004
1735767120,0.18,0.00008,0.00004
1735767180,0.18,0.00008,0.00004
1735767240,0.18,0.00008,0.00004
1735767300,0.18,0.00008,0.00004
1735767360,0.18,0.00008,0.00004
1735767420,0.18,0.00008,0.00004
1735767480,0.18,0.00008,0.00004
1735767540,0.18,0.00008,0.00004
1735767600,0.18,0.00008,0.00004
1735767660,0.18,0.00008,0.00004
1735767720,0.18,0.00008,0.00004
1735767780,0.18,0.00008,0.00004
1735767840,0.18,0.00008,0.00004
1735767900,0.18,0.00008,0.00004
1735767960,0.18,0.00008,0.00004
1735768020,0.18,0.00008,0.00004
1735768080,0.18,0.00008,0.00004
1735768140,0.18,0.00008,0.00004
1735768200,0.18,0.00008,0.00004
1735768260,0.18,0.00008,0.00004
1735768320,0.18,0.00008,0.00004
1735768380,0.18,0.00008,0.00004
1735768440,0.18,0.00008,0.00004
1735768500,0.18,0.00008,0.00004
1735768560,0.18,0.00008,0.00004
1735768620,0.18,0.00008,0.00004
1735768680,0.18,0.00008,0.00004
1735768740,0.18,0.00008,0.00004
1735768800,0.18,0.00008,0.00004
1735768860,0.18,0.00008,0.00004
1735768920,0.18,0.00008,0.00004
1735768980,0.18,0.00008,0.00004
1735769040,0.18,0.00008,0.00004
1735769100,0.18,0.00008,0.00004
1735769160,0.18,0.00008,0.00004
1735769220,0.18,0.00008,0.00004
1735769280,0.18,0.00008,0.00004
1735769340,0.18,0.00008,0.00004
1735769400,0.18,0.00008,0.00004
1735769460,0.18,0.00008,0.00004
1735769520,0.18,0.00008,0.00004
1735769580,0.18,0.00008,0.00004
1735769640,0.18,0.00008,0.00004
1735769700,0.18,0.00008,0.00004
1735769760,0.18,0.00008,0.00004
1735769820,0.18,0.00008,0.00004
1735769880,0.18,0.00008,0.00004
1735769940,0.18,0.00008,0.00004
1735770000,0.18,0.00008,0.00004
1735770060,0.18,0.00008,0.00004
1735770120,0.18,0.00008,0.00004
1735770180,0.18,0.00008,0.00004
1735770240,0.18,0.00008,0.00004
1735770300,0.18,0.00008,0.00004
1735770360,0.18,0.00008,0.00004
1735770420,0.18,0.00008,0.00004
1735770480,0.18,0.00008,0.00004
1735770540,0.18,0.00008,0.00004
1735770600,0.22,0.00008,0.00004
1735770660,0.22,0.00008,0.00004
1735770720,0.22,0.00008,0.00004
1735770780,0.22,0.00008,0.00004
1735770840,0.22,0.00008,0.00004
1735770900,0.22,0.00008,0.00004
1735770960,0.22,0.00008,0.00004
1735771020,0.22,0.00008,0.00004
1735771080,0.22,0.00008,0.00004
1735771140,0.22,0.00008,0.00004
1735771200,0.22,0.00008,0.00004
1735771260,0.22,0.00008,0.00004
1735771320,0.22,0.00008,0.00004
1735771380,0.22,0.00008,0.00004
1735771440,0.22,0.00008,0.00004
1735771500,0.22,0.00008,0.00004
1735771560,0.22,0.00008,0.00004
1735771620,0.22,0.00008,0.00004
1735771680,0.22,0.00008,0.00004
1735771740,0.22,0.00008,0.00004
1735771800,0.22,0.00008,0.00004
1735771860,0.22,0.00008,0.00004
1735771920,0.22,0.00008,0.00004
1735771980,0.22,0.00008,0.00004
1735772040,0.22,0.00008,0.00004
1735772100,0.22,0.00008,0.00004
1735772160,0.22,0.00008,0.00004
1735772220,0.22,0.00008,0.00004
1735772280,0.22,0.00008,0.00004
1735772340,0.22,0.00008,0.00004
1735772400,0.22,0.00008,0.00004
1735772460,0.22,0.00008,0.00004
1735772520,0.22,0.00008,0.00004
1735772580,0.22,0.00008,0.00004
1735772640,0.22,0.00008,0.00004
1735772700,0.22,0.00008,0.00004
1735772760,0.22,0.00008,0.00004
1735772820,0.22,0.00008,0.00004
1735772880,0.22,0.00008,0.00004
1735772940,0.22,0.00008,0.00004
1735773000,0.22,0.00008,0.00004
1735773060,0.22,0.00008,0.00004
1735773120,0.22,0.00008,0.00004
1735773180,0.22,0.00008,0.00004
1735773240,0.22,0.00008,0.00004
1735773300,0.22,0.00008,0.00004
1735773360,0.22,0.00008,0.00004
1735773420,0.22,0.00008,0.00004
1735773480,0.22,0.00008,0.00004
1735773540,0.22,0.00008,0.00004
1735773600,0.27,0.00008,0.00004
1735773660,0.27,0.00008,0.00004
1735773720,0.27,0.00008,0.00004
1735773780,0.27,0.00008,0.00004
1735773840,0.27,0.00008,0.00004
1735773900,0.27,0.00008,0.00004
1735773960,0.27,0.00008,0.00004
1735774020,0.27,0.00008,0.00004
1735774080,0.27,0.00008,0.00004
1735774140,0.27,0.00008,0.00004
1735774200,0.27,0.00008,0.00004
1735774260,0.27,0.00008,0.00004
1735774320,0.27,0.00008,0.00004
1735774380,0.27,0.00008,0.00004
1735774440,0.27,0.00008,0.00004
1735774500,0.27,0.00008,0.00004
1735774560,0.27,0.00008,0.00004
1735774620,0.27,0.00008,0.00004
1735774680,0.27,0.00008,0.00004
1735774740,0.27,0.00008,0.00004
1735774800,0.27,0.00008,0.00004
1735774860,0.27,0.00008,0.00004
1735774920,0.27,0.00008,0.00004
1735774980,0.27,0.00008,0.00004
1735775040,0.27,0.00008,0.00004
1735775100,0.27,0.00008,0.00004
1735775160,0.27,0.00008,0.00004
1735775220,0.27,0.00008,0.00004
1735775280,0.27,0.00008,0.00004
1735775340,0.27,0.00008,0.00004
1735775400,0.27,0.00008,0.00004
1735775460,0.27,0.00008,0.00004
1735775520,0.27,0.00008,0.00004
1735775580,0.27,0.00008,0.00004
1735775640,0.27,0.00008,0.00004
1735775700,0.27,0.00008,0.00004
1735775760,0.27,0.00008,0.00004
1735775820,0.27,0.00008,0.00004
1735775880,0.27,0.00008,0.00004
1735775940,0.27,0.00008,0.00004
