ts,cycle,side,status,entryPrice,exitPrice,qty,bps,pnl,feeUsdt,pnlNet,exitReason,holdSec,msg
2026-09-01T16:02:18Z,1,SKIP,SKIPPED,,,,,0,regime_gate,,reason=COMPRESSE tension=0.00000000 threshold=0.05
2026-09-01T16:02:23Z,2,SKIP,SKIPPED,,,,,0,regime_gate,,reason=COMPRESSE tension=0.00000000 threshold=0.05
2026-09-01T16:02:28Z,3,SKIP,SKIPPED,,,,,0,regime_gate,,reason=COMPRESSE tension=0.00000000 threshold=0.05
2026-09-01T16:02:36Z,4,SKIP,SKIPPED,,,,,0,radar_block,,reason=spread_too_wide conf=0.5 mom_sig=1.06849918 raw_mom_bps=0.00000000 spread_bps=41.50140000 tension=1.06849918 bid_drop=6.94524466 ask_drop=0.26761617 swarm=0
2026-09-01T16:02:41Z,5,SKIP,SKIPPED,,,,,0,regime_gate,,reason=COMPRESSE tension=0.00000000 threshold=0.05
2026-09-01T16:02:49Z,6,SKIP,SKIPPED,,,,,0,tactic_mismatch,,mom=long structure=short
2026-09-01T16:02:56Z,7,SKIP,SKIPPED,,,,,0,radar_block,,reason=spread_too_wide conf=0.5 mom_sig=2.84403454 raw_mom_bps=0.00000000 spread_bps=10.40030000 tension=2.84403454 bid_drop=18.48622452 ask_drop=0.16780662 swarm=0
2026-09-01T16:03:07Z,8,SKIP,SKIPPED,,,,,0,radar_block,,reason=spread_too_wide conf=0.5 mom_sig=2.13510629 raw_mom_bps=0.00000000 spread_bps=40.96460000 tension=2.13510629 bid_drop=13.87819090 ask_drop=0.00000000 swarm=0
2026-09-01T16:03:12Z,9,SKIP,SKIPPED,,,,,0,regime_gate,,reason=COMPRESSE tension=0.00003858 threshold=0.05
2026-09-01T16:03:22Z,10,SKIP,SKIPPED,,,,,0,regime_gate,,reason=COMPRESSE tension=0.00000000 threshold=0.05
2026-09-01T16:03:30Z,11,SKIP,SKIPPED,,,,,0,radar_block,,reason=spread_too_wide conf=0.2027 mom_sig=0.24323790 raw_mom_bps=0.00000000 spread_bps=20.86750000 tension=0.24323790 bid_drop=1.58104633 ask_drop=0.05090700 swarm=0
2026-09-01T16:03:42Z,12,SKIP,SKIPPED,,,,,0,radar_block,,reason=spread_too_wide conf=0.1013 mom_sig=0.12154067 raw_mom_bps=-42.45138178 spread_bps=22.49230000 tension=0.12154067 bid_drop=0.79001433 ask_drop=0.00093264 swarm=0
2026-09-01T16:03:51Z,13,SKIP,SKIPPED,,,,,0,radar_block,,reason=direction_unclear conf=0.112 mom_sig=0.09128819 raw_mom_bps=0.00000000 spread_bps=4.22270000 tension=0.09128819 bid_drop=0.59337326 ask_drop=0.00971826 swarm=0
2026-09-01T16:03:56Z,14,SKIP,SKIPPED,,,,,0,regime_gate,,reason=COMPRESSE tension=0.00000000 threshold=0.05
2026-09-01T16:04:57Z,15,SELL,FILLED,77828.20000000,78107.80000000,0.01280000,-35.92528158,-3.57888000,0.79696077,-4.37584077,stop_loss,52,radar=short conf=0.7521 size_note=strong_conf_full soft=0 pct=-0.35925282 tension=3.91619090 bid_drop=25.45524083 ask_drop=0.00000000
2026-09-01T16:05:03Z,16,SKIP,SKIPPED,,,,,0,regime_gate,,reason=COMPRESSE tension=0.00000000 threshold=0.05
2026-09-01T16:05:12Z,17,SKIP,SKIPPED,,,,,0,radar_block,,reason=spread_too_wide conf=0.5 mom_sig=0.85843368 raw_mom_bps=0.00000000 spread_bps=33.26090000 tension=0.85843368 bid_drop=0.03207761 ask_drop=5.57981895 swarm=0
2026-09-01T16:05:25Z,18,SKIP,SKIPPED,,,,,0,radar_block,,reason=spread_too_wide conf=0.5 mom_sig=1.04200541 raw_mom_bps=0.00000000 spread_bps=28.97370000 tension=1.04200541 bid_drop=6.77303515 ask_drop=2.91683456 swarm=0
2026-09-01T16:05:30Z,19,SKIP,SKIPPED,,,,,0,regime_gate,,reason=COMPRESSE tension=0.00000000 threshold=0.05
2026-09-01T16:05:36Z,20,SKIP,SKIPPED,,,,,0,regime_gate,,reason=COMPRESSE tension=0.00000000 threshold=0.05
2026-09-01T16:05:46Z,21,SKIP,SKIPPED,,,,,0,radar_block,,reason=spread_too_wide conf=0.5 mom_sig=1.54215427 raw_mom_bps=0.00000000 spread_bps=24.54570000 tension=1.54215427 bid_drop=10.02400278 ask_drop=0.00000000 swarm=0
2026-09-01T16:05:52Z,22,SKIP,SKIPPED,,,,,0,regime_gate,,reason=COMPRESSE tension=0.00001035 threshold=0.05
2026-09-01T16:05:59Z,23,SKIP,SKIPPED,,,,,0,radar_block,,reason=spread_too_wide conf=0.5 mom_sig=4.23077270 raw_mom_bps=0.00000000 spread_bps=9.86820000 tension=4.23077270 bid_drop=27.50002257 ask_drop=0.00000000 swarm=0
2026-09-01T16:06:07Z,24,SKIP,SKIPPED,,,,,0,radar_block,,reason=spread_too_wide conf=0.5 mom_sig=5.98755570 raw_mom_bps=0.00000000 spread_bps=18.62200000 tension=5.98755570 bid_drop=17.64213537 ask_drop=38.91911205 swarm=0
2026-09-01T16:06:12Z,25,SKIP,SKIPPED,,,,,0,regime_gate,,reason=COMPRESSE tension=0.00000000 threshold=0.05
2026-09-01T16:06:17Z,26,SKIP,SKIPPED,,,,,0,regime_gate,,reason=COMPRESSE tension=0.00000000 threshold=0.05
2026-09-01T16:06:22Z,27,SKIP,SKIPPED,,,,,0,regime_gate,,reason=COMPRESSE tension=0.00000000 threshold=0.05
2026-09-01T16:06:30Z,28,SKIP,SKIPPED,,,,,0,radar_block,,reason=spread_too_wide conf=0.5 mom_sig=2.18775722 raw_mom_bps=-4.66842032 spread_bps=13.99770000 tension=2.18775722 bid_drop=14.22042191 ask_drop=0.00000000 swarm=0
2026-09-01T16:08:07Z,29,SELL,FILLED,77974.90000000,78134.90000000,0.00640000,-20.51942356,-1.02400000,0.39923149,-1.42323149,stop_loss,84,radar=short conf=0.9447 size_note=strong_conf_full soft=1 pct=-0.20519424 tension=1.54296650 bid_drop=10.02928224 ask_drop=0.00000000
2026-09-01T16:08:13Z,30,SKIP,SKIPPED,,,,,0,regime_gate,,reason=COMPRESSE tension=0.00000000 threshold=0.05
2026-09-01T16:08:26Z,31,SKIP,SKIPPED,,,,,0,radar_block,,reason=spread_too_wide conf=0.5 mom_sig=0.70495414 raw_mom_bps=-40.04612535 spread_bps=16.12620000 tension=0.70495414 bid_drop=4.58220188 ask_drop=2.31364274 swarm=0
2026-09-01T16:08:31Z,32,SKIP,SKIPPED,,,,,0,regime_gate,,reason=COMPRESSE tension=0.00000000 threshold=0.05
2026-09-01T16:08:36Z,33,SKIP,SKIPPED,,,,,0,regime_gate,,reason=COMPRESSE tension=0.00000000 threshold=0.05
2026-09-01T16:08:46Z,34,SKIP,SKIPPED,,,,,0,regime_gate,,reason=COMPRESSE tension=0.00000000 threshold=0.05
2026-09-01T16:08:52Z,35,SKIP,SKIPPED,,,,,0,regime_gate,,reason=COMPRESSE tension=0.00059026 threshold=0.05
2026-09-01T16:08:59Z,36,SKIP,SKIPPED,,,,,0,radar_block,,reason=spread_too_wide conf=0.5 mom_sig=1.21185648 raw_mom_bps=0.00000000 spread_bps=17.85700000 tension=1.21185648 bid_drop=3.70705922 ask_drop=7.87706711 swarm=0
2026-09-01T16:09:04Z,37,SKIP,SKIPPED,,,,,0,regime_gate,,reason=COMPRESSE tension=0.00000000 threshold=0.05
2026-09-01T16:09:12Z,38,SKIP,SKIPPED,,,,,0,radar_block,,reason=spread_too_wide conf=0.3225 mom_sig=0.38704990 raw_mom_bps=2.23275295 spread_bps=15.98720000 tension=0.38704990 bid_drop=0.03241821 ask_drop=2.51582432 swarm=0
2026-09-01T16:09:27Z,39,SKIP,SKIPPED,,,,,0,radar_block,,reason=spread_too_wide conf=0.5 mom_sig=8.09491040 raw_mom_bps=0.00000000 spread_bps=39.75900000 tension=8.09491040 bid_drop=4.87276250 ask_drop=52.61691761 swarm=0
2026-09-01T16:09:36Z,40,SKIP,SKIPPED,,,,,0,radar_block,,reason=spread_too_wide conf=0.5 mom_sig=6.25408727 raw_mom_bps=0.00000000 spread_bps=47.17870000 tension=6.25408727 bid_drop=40.65156723 ask_drop=0.00000000 swarm=0
2026-09-01T16:09:44Z,41,SKIP,SKIPPED,,,,,0,regime_gate,,reason=COMPRESSE tension=0.00000000 threshold=0.05
2026-09-01T16:09:56Z,42,SKIP,SKIPPED,,,,,0,radar_block,,reason=spread_too_wide conf=0.1777 mom_sig=0.21325326 raw_mom_bps=0.00000000 spread_bps=47.69010000 tension=0.21325326 bid_drop=1.38614617 ask_drop=0.00000000 swarm=0
2026-09-01T16:10:01Z,43,SKIP,SKIPPED,,,,,0,regime_gate,,reason=COMPRESSE tension=0.00000000 threshold=0.05
2026-09-01T16:10:06Z,44,SKIP,SKIPPED,,,,,0,regime_gate,,reason=COMPRESSE tension=0.00000000 threshold=0.05
2026-09-01T16:10:11Z,45,SKIP,SKIPPED,,,,,0,regime_gate,,reason=COMPRESSE tension=0.00000000 threshold=0.05
2026-09-01T16:10:17Z,46,SKIP,SKIPPED,,,,,0,regime_gate,,reason=COMPRESSE tension=0.00000000 threshold=0.05
2026-09-01T16:10:22Z,47,SKIP,SKIPPED,,,,,0,regime_gate,,reason=COMPRESSE tension=0.00083839 threshold=0.05
2026-09-01T16:10:28Z,48,SKIP,SKIPPED,,,,,0,regime_gate,,reason=COMPRESSE tension=0.00191884 threshold=0.05
2026-09-01T16:10:34Z,49,SKIP,SKIPPED,,,,,0,regime_gate,,reason=COMPRESSE tension=0.00200747 threshold=0.05
2026-09-01T16:10:40Z,50,SKIP,SKIPPED,,,,,0,regime_gate,,reason=COMPRESSE tension=0.00002492 threshold=0.05
2026-09-01T16:10:46Z,51,SKIP,SKIPPED,,,,,0,regime_gate,,reason=COMPRESSE tension=0.00000000 threshold=0.05
2026-09-01T16:10:52Z,52,SKIP,SKIPPED,,,,,0,regime_gate,,reason=COMPRESSE tension=0.00000000 threshold=0.05
2026-09-01T16:10:58Z,53,SKIP,SKIPPED,,,,,0,regime_gate,,reason=COMPRESSE tension=0.02464721 threshold=0.05
2026-09-01T16:11:05Z,54,SKIP,SKIPPED,,,,,0,radar_block,,reason=spread_too_wide conf=0.237 mom_sig=0.28437860 raw_mom_bps=0.00000000 spread_bps=40.28660000 tension=0.28437860 bid_drop=1.84846088 ask_drop=0.00000000 swarm=0
2026-09-01T16:11:14Z,55,SKIP,SKIPPED,,,,,0,radar_block,,reason=spread_too_wide conf=0.0547 mom_sig=0.06562244 raw_mom_bps=-6.59808424 spread_bps=28.23250000 tension=0.06562244 bid_drop=0.42654589 ask_drop=0.00000000 swarm=0
2026-09-01T16:11:20Z,56,SKIP,SKIPPED,,,,,0,regime_gate,,reason=COMPRESSE tension=0.00000000 threshold=0.05
2026-09-01T16:11:25Z,57,SKIP,SKIPPED,,,,,0,regime_gate,,reason=COMPRESSE tension=0.00000000 threshold=0.05
2026-09-01T16:11:31Z,58,SKIP,SKIPPED,,,,,0,regime_gate,,reason=COMPRESSE tension=0.01778955 threshold=0.05
2026-09-01T16:11:37Z,59,SKIP,SKIPPED,,,,,0,regime_gate,,reason=COMPRESSE tension=0.03693312 threshold=0.05
2026-09-01T16:11:44Z,60,SKIP,SKIPPED,,,,,0,radar_block,,reason=spread_too_wide conf=0.0504 mom_sig=0.06043280 raw_mom_bps=0.00000000 spread_bps=26.69990000 tension=0.06043280 bid_drop=0.39281323 ask_drop=0.00000000 swarm=0
2026-09-01T16:11:52Z,61,SKIP,SKIPPED,,,,,0,radar_block,,reason=spread_too_wide conf=0.5 mom_sig=2.67677796 raw_mom_bps=0.00000000 spread_bps=26.69990000 tension=2.67677796 bid_drop=17.39905673 ask_drop=0.29718356 swarm=0
2026-09-01T16:12:03Z,62,SKIP,SKIPPED,,,,,0,regime_gate,,reason=COMPRESSE tension=0.00047294 threshold=0.05
2026-09-01T16:12:14Z,63,SKIP,SKIPPED,,,,,0,regime_gate,,reason=COMPRESSE tension=0.00041252 threshold=0.05
2026-09-01T16:12:20Z,64,SKIP,SKIPPED,,,,,0,regime_gate,,reason=COMPRESSE tension=0.00801878 threshold=0.05
2026-09-01T16:12:27Z,65,SKIP,SKIPPED,,,,,0,radar_block,,reason=spread_too_wide conf=0.5 mom_sig=1.69684602 raw_mom_bps=0.00000000 spread_bps=10.16480000 tension=1.69684602 bid_drop=1.85228952 ask_drop=11.02949910 swarm=0
2026-09-01T16:12:32Z,66,SKIP,SKIPPED,,,,,0,regime_gate,,reason=COMPRESSE tension=0.00106211 threshold=0.05
2026-09-01T16:12:40Z,67,SKIP,SKIPPED,,,,,0,radar_block,,reason=spread_too_wide conf=0.0828 mom_sig=0.09934423 raw_mom_bps=-0.01285228 spread_bps=26.50820000 tension=0.09934423 bid_drop=0.64573752 ask_drop=0.00000000 swarm=0
2026-09-01T16:12:45Z,68,SKIP,SKIPPED,,,,,0,regime_gate,,reason=COMPRESSE tension=0.01450668 threshold=0.05
2026-09-01T16:12:52Z,69,SKIP,SKIPPED,,,,,0,radar_block,,reason=spread_too_wide conf=0.0572 mom_sig=0.06869532 raw_mom_bps=-0.14138618 spread_bps=13.22040000 tension=0.06869532 bid_drop=0.44651959 ask_drop=0.09745986 swarm=0
2026-09-01T16:12:58Z,70,SKIP,SKIPPED,,,,,0,regime_gate,,reason=COMPRESSE tension=0.00021958 threshold=0.05
2026-09-01T16:13:12Z,71,SKIP,SKIPPED,,,,,0,radar_block,,reason=direction_unclear conf=0.255 mom_sig=0.15425121 raw_mom_bps=-13.22041643 spread_bps=0.12850000 tension=0.15425121 bid_drop=0.00000000 ask_drop=1.00263285 swarm=0
2026-09-01T16:13:17Z,72,SKIP,SKIPPED,,,,,0,regime_gate,,reason=COMPRESSE tension=0.00109528 threshold=0.05
2026-09-01T16:13:25Z,73,SKIP,SKIPPED,,,,,0,radar_block,,reason=spread_too_wide conf=0.5 mom_sig=1.08039676 raw_mom_bps=0.00000000 spread_bps=27.18810000 tension=1.08039676 bid_drop=7.02257897 ask_drop=0.00000000 swarm=0
2026-09-01T16:13:33Z,74,SKIP,SKIPPED,,,,,0,radar_block,,reason=spread_too_wide conf=0.3505 mom_sig=0.42056352 raw_mom_bps=27.26221080 spread_bps=27.17530000 tension=0.42056352 bid_drop=2.73366287 ask_drop=0.00000000 swarm=0
2026-09-01T16:13:40Z,75,SKIP,SKIPPED,,,,,0,radar_block,,reason=spread_too_wide conf=0.5 mom_sig=0.77118192 raw_mom_bps=0.00000000 spread_bps=16.55390000 tension=0.77118192 bid_drop=5.01268251 ask_drop=0.00000000 swarm=0
2026-09-01T16:13:55Z,76,SKIP,SKIPPED,,,,,0,radar_block,,reason=spread_too_wide conf=0.5 mom_sig=1.80645668 raw_mom_bps=-0.53984576 spread_bps=26.32050000 tension=1.80645668 bid_drop=11.74196839 ask_drop=0.12180633 swarm=0
2026-09-01T16:14:01Z,77,SKIP,SKIPPED,,,,,0,regime_gate,,reason=COMPRESSE tension=0.00000000 threshold=0.05
2026-09-01T16:14:06Z,78,SKIP,SKIPPED,,,,,0,regime_gate,,reason=COMPRESSE tension=0.01666584 threshold=0.05
2026-09-01T16:14:14Z,79,SKIP,SKIPPED,,,,,0,radar_block,,reason=spread_too_wide conf=0.5 mom_sig=3.73702239 raw_mom_bps=0.00000000 spread_bps=25.60440000 tension=3.73702239 bid_drop=24.29064555 ask_drop=0.00000000 swarm=0
2026-09-01T16:14:20Z,80,SKIP,SKIPPED,,,,,0,regime_gate,,reason=COMPRESSE tension=0.00575251 threshold=0.05
2026-09-01T16:14:27Z,81,SKIP,SKIPPED,,,,,0,radar_block,,reason=spread_too_wide conf=0.5 mom_sig=1.94556253 raw_mom_bps=0.00000000 spread_bps=25.12430000 tension=1.94556253 bid_drop=0.00000000 ask_drop=12.64615644 swarm=0
2026-09-01T16:14:37Z,82,SKIP,SKIPPED,,,,,0,radar_block,,reason=spread_too_wide conf=0.5 mom_sig=2.38999710 raw_mom_bps=-29.52106148 spread_bps=25.25250000 tension=2.38999710 bid_drop=15.53498118 ask_drop=0.00000000 swarm=0
2026-09-01T16:14:45Z,83,SKIP,SKIPPED,,,,,0,radar_block,,reason=spread_too_wide conf=0.5 mom_sig=1.01239214 raw_mom_bps=0.05144470 spread_bps=14.96950000 tension=1.01239214 bid_drop=0.00000000 ask_drop=6.58054891 swarm=0
2026-09-01T16:14:50Z,84,SKIP,SKIPPED,,,,,0,regime_gate,,reason=COMPRESSE tension=0.00003103 threshold=0.05
2026-09-01T16:14:58Z,85,SKIP,SKIPPED,,,,,0,impulse_resonance_wait,,reason=wall_not_collapsed tension=0.73381713 bid_drop=4.76981136 ask_drop=0.00000000
2026-09-01T16:15:03Z,86,SKIP,SKIPPED,,,,,0,regime_gate,,reason=COMPRESSE tension=0.00001099 threshold=0.05
2026-09-01T16:15:09Z,87,SKIP,SKIPPED,,,,,0,regime_gate,,reason=COMPRESSE tension=0.00014531 threshold=0.05
2026-09-01T16:15:14Z,88,SKIP,SKIPPED,,,,,0,regime_gate,,reason=COMPRESSE tension=0.00034772 threshold=0.05
2026-09-01T16:15:19Z,89,SKIP,SKIPPED,,,,,0,regime_gate,,reason=COMPRESSE tension=0.00006351 threshold=0.05
2026-09-01T16:15:26Z,90,SKIP,SKIPPED,,,,,0,radar_block,,reason=spread_too_wide conf=0.5 mom_sig=2.34541913 raw_mom_bps=0.00000000 spread_bps=33.39380000 tension=2.34541913 bid_drop=15.24522437 ask_drop=0.00000000 swarm=0
2026-09-01T16:15:32Z,91,SKIP,SKIPPED,,,,,0,regime_gate,,reason=COMPRESSE tension=0.00000000 threshold=0.05
2026-09-01T16:15:38Z,92,SKIP,SKIPPED,,,,,0,regime_gate,,reason=COMPRESSE tension=0.00556669 threshold=0.05
2026-09-01T16:15:43Z,93,SKIP,SKIPPED,,,,,0,regime_gate,,reason=COMPRESSE tension=0.00000000 threshold=0.05
2026-09-01T16:15:48Z,94,SKIP,SKIPPED,,,,,0,regime_gate,,reason=COMPRESSE tension=0.00000000 threshold=0.05
2026-09-01T16:15:54Z,95,SKIP,SKIPPED,,,,,0,regime_gate,,reason=COMPRESSE tension=0.00000000 threshold=0.05
2026-09-01T16:16:01Z,96,SKIP,SKIPPED,,,,,0,radar_block,,reason=spread_too_wide conf=0.5 mom_sig=1.00927862 raw_mom_bps=34.04615460 spread_bps=25.76520000 tension=1.00927862 bid_drop=6.56031103 ask_drop=0.39626948 swarm=0
2026-09-01T16:16:09Z,97,SKIP,SKIPPED,,,,,0,radar_block,,reason=spread_too_wide conf=0.5 mom_sig=1.10489506 raw_mom_bps=0.00000000 spread_bps=24.34620000 tension=1.10489506 bid_drop=7.18181789 ask_drop=2.09283138 swarm=0
2026-09-01T16:16:17Z,98,SKIP,SKIPPED,,,,,0,radar_block,,reason=spread_too_wide conf=0.1271 mom_sig=0.15257505 raw_mom_bps=34.60114145 spread_bps=14.01140000 tension=0.15257505 bid_drop=0.00000000 ask_drop=0.99173782 swarm=0
2026-09-01T16:16:22Z,99,SKIP,SKIPPED,,,,,0,regime_gate,,reason=COMPRESSE tension=0.00000000 threshold=0.05
2026-09-01T16:16:30Z,100,SKIP,SKIPPED,,,,,0,radar_block,,reason=spread_too_wide conf=0.5 mom_sig=2.48281290 raw_mom_bps=-1.69762256 spread_bps=24.47440000 tension=2.48281290 bid_drop=16.13828386 ask_drop=0.09413856 swarm=0
2026-09-01T16:16:35Z,101,SKIP,SKIPPED,,,,,0,regime_gate,,reason=COMPRESSE tension=0.00000000 threshold=0.05
2026-09-01T16:16:43Z,102,SKIP,SKIPPED,,,,,0,radar_block,,reason=spread_too_wide conf=0.5 mom_sig=1.10124976 raw_mom_bps=0.00000000 spread_bps=14.21960000 tension=1.10124976 bid_drop=7.15812347 ask_drop=0.00000000 swarm=0
2026-09-01T16:16:51Z,103,SKIP,SKIPPED,,,,,0,radar_block,,reason=spread_too_wide conf=0.1237 mom_sig=0.14843764 raw_mom_bps=0.00000000 spread_bps=14.21960000 tension=0.14843764 bid_drop=0.00000000 ask_drop=0.96484468 swarm=0
2026-09-01T16:17:00Z,104,SKIP,SKIPPED,,,,,0,radar_block,,reason=spread_too_wide conf=0.218 mom_sig=0.26161490 raw_mom_bps=0.00000000 spread_bps=25.82450000 tension=0.26161490 bid_drop=0.00241329 ask_drop=1.70049682 swarm=0
2026-09-01T16:17:05Z,105,SKIP,SKIPPED,,,,,0,regime_gate,,reason=COMPRESSE tension=0.00052554 threshold=0.05
2026-09-01T16:17:17Z,106,SKIP,SKIPPED,,,,,0,regime_gate,,reason=COMPRESSE tension=0.00000000 threshold=0.05
