ts,run_id,unit,cycle,symbol,bid,ask,mid,spread_bps,momentum_bps,regime,decision,side,confidence,reason
16:02:18,ACE_DUO_CLEAN_V4_15M,BETA,1,BTCUSDT,,,,,,ENGINE_LOG,SKIP,,,engine_log:ACE_DUO_CLEAN_V4_15M_LIVE_COLOR.log
16:02:20,ACE_DUO_CLEAN_V4_15M,ALPHA,1,BTCUSDT,,,,,,ENGINE_LOG,SKIP,,,engine_log:ACE_DUO_CLEAN_V4_15M_LIVE_COLOR.log
16:02:23,ACE_DUO_CLEAN_V4_15M,BETA,2,BTCUSDT,,,,,,ENGINE_LOG,SKIP,,,engine_log:ACE_DUO_CLEAN_V4_15M_LIVE_COLOR.log
16:02:25,ACE_DUO_CLEAN_V4_15M,ALPHA,2,BTCUSDT,,,,,,ENGINE_LOG,SKIP,,,engine_log:ACE_DUO_CLEAN_V4_15M_LIVE_COLOR.log
16:02:28,ACE_DUO_CLEAN_V4_15M,BETA,3,BTCUSDT,,,,,,ENGINE_LOG,SKIP,,,engine_log:ACE_DUO_CLEAN_V4_15M_LIVE_COLOR.log
16:02:30,ACE_DUO_CLEAN_V4_15M,ALPHA,3,BTCUSDT,,,,,,ENGINE_LOG,SKIP,,,engine_log:ACE_DUO_CLEAN_V4_15M_LIVE_COLOR.log
16:02:36,ACE_DUO_CLEAN_V4_15M,BETA,4,BTCUSDT,,,,,,ENGINE_LOG,SKIP,,0.5,engine_log:ACE_DUO_CLEAN_V4_15M_LIVE_COLOR.log
16:02:38,ACE_DUO_CLEAN_V4_15M,ALPHA,4,BTCUSDT,,,,,,ENGINE_LOG,SKIP,,0.5,engine_log:ACE_DUO_CLEAN_V4_15M_LIVE_COLOR.log
16:02:42,ACE_DUO_CLEAN_V4_15M,BETA,5,BTCUSDT,,,,,,ENGINE_LOG,SKIP,,,engine_log:ACE_DUO_CLEAN_V4_15M_LIVE_COLOR.log
16:02:47,ACE_DUO_CLEAN_V4_15M,ALPHA,5,BTCUSDT,,,,,,ENGINE_LOG,SKIP,,,engine_log:ACE_DUO_CLEAN_V4_15M_LIVE_COLOR.log
16:02:49,ACE_DUO_CLEAN_V4_15M,BETA,6,BTCUSDT,,,,,,ENGINE_LOG,SKIP,,,engine_log:ACE_DUO_CLEAN_V4_15M_LIVE_COLOR.log
16:02:52,ACE_DUO_CLEAN_V4_15M,ALPHA,6,BTCUSDT,,,,,,ENGINE_LOG,SKIP,,,engine_log:ACE_DUO_CLEAN_V4_15M_LIVE_COLOR.log
16:02:57,ACE_DUO_CLEAN_V4_15M,BETA,7,BTCUSDT,,,,,,ENGINE_LOG,SKIP,,0.5,engine_log:ACE_DUO_CLEAN_V4_15M_LIVE_COLOR.log
16:03:00,ACE_DUO_CLEAN_V4_15M,ALPHA,7,BTCUSDT,,,,,,ENGINE_LOG,SKIP,,,engine_log:ACE_DUO_CLEAN_V4_15M_LIVE_COLOR.log
16:03:06,ACE_DUO_CLEAN_V4_15M,ALPHA,8,BTCUSDT,,,,,,ENGINE_LOG,SKIP,,,engine_log:ACE_DUO_CLEAN_V4_15M_LIVE_COLOR.log
16:03:07,ACE_DUO_CLEAN_V4_15M,BETA,8,BTCUSDT,,,,,,ENGINE_LOG,SKIP,,0.5,engine_log:ACE_DUO_CLEAN_V4_15M_LIVE_COLOR.log
16:03:12,ACE_DUO_CLEAN_V4_15M,BETA,9,BTCUSDT,,,,,,ENGINE_LOG,SKIP,,,engine_log:ACE_DUO_CLEAN_V4_15M_LIVE_COLOR.log
16:03:13,ACE_DUO_CLEAN_V4_15M,ALPHA,9,BTCUSDT,,,,,,ENGINE_LOG,SKIP,,0.1399,engine_log:ACE_DUO_CLEAN_V4_15M_LIVE_COLOR.log
16:03:22,ACE_DUO_CLEAN_V4_15M,ALPHA,10,BTCUSDT,,,,,,ENGINE_LOG,SKIP,,0.5,engine_log:ACE_DUO_CLEAN_V4_15M_LIVE_COLOR.log
16:03:23,ACE_DUO_CLEAN_V4_15M,BETA,10,BTCUSDT,,,,,,ENGINE_LOG,SKIP,,,engine_log:ACE_DUO_CLEAN_V4_15M_LIVE_COLOR.log
16:03:30,ACE_DUO_CLEAN_V4_15M,BETA,11,BTCUSDT,,,,,,ENGINE_LOG,SKIP,,0.2027,engine_log:ACE_DUO_CLEAN_V4_15M_LIVE_COLOR.log
16:03:30,ACE_DUO_CLEAN_V4_15M,ALPHA,11,BTCUSDT,,,,,,ENGINE_LOG,SKIP,,0.2027,engine_log:ACE_DUO_CLEAN_V4_15M_LIVE_COLOR.log
16:03:38,ACE_DUO_CLEAN_V4_15M,ALPHA,12,BTCUSDT,,,,,,ENGINE_LOG,SKIP,,0.1007,engine_log:ACE_DUO_CLEAN_V4_15M_LIVE_COLOR.log
16:03:43,ACE_DUO_CLEAN_V4_15M,BETA,12,BTCUSDT,,,,,,ENGINE_LOG,SKIP,,0.1013,engine_log:ACE_DUO_CLEAN_V4_15M_LIVE_COLOR.log
16:03:44,ACE_DUO_CLEAN_V4_15M,ALPHA,13,BTCUSDT,,,,,,ENGINE_LOG,SKIP,,,engine_log:ACE_DUO_CLEAN_V4_15M_LIVE_COLOR.log
16:03:51,ACE_DUO_CLEAN_V4_15M,BETA,13,BTCUSDT,,,,,,ENGINE_LOG,SKIP,,0.112,engine_log:ACE_DUO_CLEAN_V4_15M_LIVE_COLOR.log
16:03:56,ACE_DUO_CLEAN_V4_15M,ALPHA,14,BTCUSDT,,,,,,ENGINE_LOG,SKIP,,,engine_log:ACE_DUO_CLEAN_V4_15M_LIVE_COLOR.log
16:03:56,ACE_DUO_CLEAN_V4_15M,BETA,14,BTCUSDT,,,,,,ENGINE_LOG,SKIP,,,engine_log:ACE_DUO_CLEAN_V4_15M_LIVE_COLOR.log
16:04:05,ACE_DUO_CLEAN_V4_15M,ALPHA,15,BTCUSDT,,,,,,ENGINE_LOG,SKIP,,,engine_log:ACE_DUO_CLEAN_V4_15M_LIVE_COLOR.log
16:04:14,ACE_DUO_CLEAN_V4_15M,ALPHA,16,BTCUSDT,,,,,,ENGINE_LOG,SKIP,,0.5,engine_log:ACE_DUO_CLEAN_V4_15M_LIVE_COLOR.log
16:04:20,ACE_DUO_CLEAN_V4_15M,ALPHA,17,BTCUSDT,,,,,,ENGINE_LOG,SKIP,,,engine_log:ACE_DUO_CLEAN_V4_15M_LIVE_COLOR.log
16:04:25,ACE_DUO_CLEAN_V4_15M,ALPHA,18,BTCUSDT,,,,,,ENGINE_LOG,SKIP,,,engine_log:ACE_DUO_CLEAN_V4_15M_LIVE_COLOR.log
16:04:31,ACE_DUO_CLEAN_V4_15M,ALPHA,19,BTCUSDT,,,,,,ENGINE_LOG,SKIP,,,engine_log:ACE_DUO_CLEAN_V4_15M_LIVE_COLOR.log
16:05:04,ACE_DUO_CLEAN_V4_15M,BETA,16,BTCUSDT,,,,,,ENGINE_LOG,SKIP,,,engine_log:ACE_DUO_CLEAN_V4_15M_LIVE_COLOR.log
16:05:09,ACE_DUO_CLEAN_V4_15M,ALPHA,21,BTCUSDT,,,,,,ENGINE_LOG,SKIP,,,engine_log:ACE_DUO_CLEAN_V4_15M_LIVE_COLOR.log
16:05:13,ACE_DUO_CLEAN_V4_15M,BETA,17,BTCUSDT,,,,,,ENGINE_LOG,SKIP,,0.5,engine_log:ACE_DUO_CLEAN_V4_15M_LIVE_COLOR.log
16:05:15,ACE_DUO_CLEAN_V4_15M,ALPHA,22,BTCUSDT,,,,,,ENGINE_LOG,SKIP,,,engine_log:ACE_DUO_CLEAN_V4_15M_LIVE_COLOR.log
16:05:23,ACE_DUO_CLEAN_V4_15M,ALPHA,23,BTCUSDT,,,,,,ENGINE_LOG,SKIP,,0.3713,engine_log:ACE_DUO_CLEAN_V4_15M_LIVE_COLOR.log
16:05:26,ACE_DUO_CLEAN_V4_15M,BETA,18,BTCUSDT,,,,,,ENGINE_LOG,SKIP,,0.5,engine_log:ACE_DUO_CLEAN_V4_15M_LIVE_COLOR.log
16:05:30,ACE_DUO_CLEAN_V4_15M,ALPHA,24,BTCUSDT,,,,,,ENGINE_LOG,SKIP,,0.5,engine_log:ACE_DUO_CLEAN_V4_15M_LIVE_COLOR.log
16:05:31,ACE_DUO_CLEAN_V4_15M,BETA,19,BTCUSDT,,,,,,ENGINE_LOG,SKIP,,,engine_log:ACE_DUO_CLEAN_V4_15M_LIVE_COLOR.log
16:05:36,ACE_DUO_CLEAN_V4_15M,ALPHA,25,BTCUSDT,,,,,,ENGINE_LOG,SKIP,,,engine_log:ACE_DUO_CLEAN_V4_15M_LIVE_COLOR.log
16:05:36,ACE_DUO_CLEAN_V4_15M,BETA,20,BTCUSDT,,,,,,ENGINE_LOG,SKIP,,,engine_log:ACE_DUO_CLEAN_V4_15M_LIVE_COLOR.log
16:05:46,ACE_DUO_CLEAN_V4_15M,BETA,21,BTCUSDT,,,,,,ENGINE_LOG,SKIP,,0.5,engine_log:ACE_DUO_CLEAN_V4_15M_LIVE_COLOR.log
16:05:46,ACE_DUO_CLEAN_V4_15M,ALPHA,26,BTCUSDT,,,,,,ENGINE_LOG,SKIP,,0.5,engine_log:ACE_DUO_CLEAN_V4_15M_LIVE_COLOR.log
16:05:52,ACE_DUO_CLEAN_V4_15M,BETA,22,BTCUSDT,,,,,,ENGINE_LOG,SKIP,,,engine_log:ACE_DUO_CLEAN_V4_15M_LIVE_COLOR.log
16:05:52,ACE_DUO_CLEAN_V4_15M,ALPHA,27,BTCUSDT,,,,,,ENGINE_LOG,SKIP,,,engine_log:ACE_DUO_CLEAN_V4_15M_LIVE_COLOR.log
16:06:00,ACE_DUO_CLEAN_V4_15M,BETA,23,BTCUSDT,,,,,,ENGINE_LOG,SKIP,,0.5,engine_log:ACE_DUO_CLEAN_V4_15M_LIVE_COLOR.log
16:06:00,ACE_DUO_CLEAN_V4_15M,ALPHA,28,BTCUSDT,,,,,,ENGINE_LOG,SKIP,,0.5,engine_log:ACE_DUO_CLEAN_V4_15M_LIVE_COLOR.log
16:06:07,ACE_DUO_CLEAN_V4_15M,BETA,24,BTCUSDT,,,,,,ENGINE_LOG,SKIP,,0.5,engine_log:ACE_DUO_CLEAN_V4_15M_LIVE_COLOR.log
16:06:08,ACE_DUO_CLEAN_V4_15M,ALPHA,29,BTCUSDT,,,,,,ENGINE_LOG,SKIP,,0.5,engine_log:ACE_DUO_CLEAN_V4_15M_LIVE_COLOR.log
16:06:13,ACE_DUO_CLEAN_V4_15M,BETA,25,BTCUSDT,,,,,,ENGINE_LOG,SKIP,,,engine_log:ACE_DUO_CLEAN_V4_15M_LIVE_COLOR.log
16:06:13,ACE_DUO_CLEAN_V4_15M,ALPHA,30,BTCUSDT,,,,,,ENGINE_LOG,SKIP,,,engine_log:ACE_DUO_CLEAN_V4_15M_LIVE_COLOR.log
16:06:18,ACE_DUO_CLEAN_V4_15M,BETA,26,BTCUSDT,,,,,,ENGINE_LOG,SKIP,,,engine_log:ACE_DUO_CLEAN_V4_15M_LIVE_COLOR.log
16:06:21,ACE_DUO_CLEAN_V4_15M,ALPHA,31,BTCUSDT,,,,,,ENGINE_LOG,SKIP,,,engine_log:ACE_DUO_CLEAN_V4_15M_LIVE_COLOR.log
16:06:23,ACE_DUO_CLEAN_V4_15M,BETA,27,BTCUSDT,,,,,,ENGINE_LOG,SKIP,,,engine_log:ACE_DUO_CLEAN_V4_15M_LIVE_COLOR.log
16:06:26,ACE_DUO_CLEAN_V4_15M,ALPHA,32,BTCUSDT,,,,,,ENGINE_LOG,SKIP,,,engine_log:ACE_DUO_CLEAN_V4_15M_LIVE_COLOR.log
16:06:30,ACE_DUO_CLEAN_V4_15M,BETA,28,BTCUSDT,,,,,,ENGINE_LOG,SKIP,,0.5,engine_log:ACE_DUO_CLEAN_V4_15M_LIVE_COLOR.log
16:06:35,ACE_DUO_CLEAN_V4_15M,ALPHA,33,BTCUSDT,,,,,,ENGINE_LOG,SKIP,,0.1189,engine_log:ACE_DUO_CLEAN_V4_15M_LIVE_COLOR.log
16:06:47,ACE_DUO_CLEAN_V4_15M,ALPHA,34,BTCUSDT,,,,,,ENGINE_LOG,SKIP,,,engine_log:ACE_DUO_CLEAN_V4_15M_LIVE_COLOR.log
16:06:58,ACE_DUO_CLEAN_V4_15M,ALPHA,35,BTCUSDT,,,,,,ENGINE_LOG,SKIP,,,engine_log:ACE_DUO_CLEAN_V4_15M_LIVE_COLOR.log
16:07:09,ACE_DUO_CLEAN_V4_15M,ALPHA,36,BTCUSDT,,,,,,ENGINE_LOG,SKIP,,0.5,engine_log:ACE_DUO_CLEAN_V4_15M_LIVE_COLOR.log
16:07:17,ACE_DUO_CLEAN_V4_15M,ALPHA,37,BTCUSDT,,,,,,ENGINE_LOG,SKIP,,0.3294,engine_log:ACE_DUO_CLEAN_V4_15M_LIVE_COLOR.log
16:07:22,ACE_DUO_CLEAN_V4_15M,ALPHA,38,BTCUSDT,,,,,,ENGINE_LOG,SKIP,,,engine_log:ACE_DUO_CLEAN_V4_15M_LIVE_COLOR.log
16:07:27,ACE_DUO_CLEAN_V4_15M,ALPHA,39,BTCUSDT,,,,,,ENGINE_LOG,SKIP,,,engine_log:ACE_DUO_CLEAN_V4_15M_LIVE_COLOR.log
16:07:35,ACE_DUO_CLEAN_V4_15M,ALPHA,40,BTCUSDT,,,,,,ENGINE_LOG,SKIP,,0.5,engine_log:ACE_DUO_CLEAN_V4_15M_LIVE_COLOR.log
16:07:43,ACE_DUO_CLEAN_V4_15M,ALPHA,41,BTCUSDT,,,,,,ENGINE_LOG,SKIP,,0.5,engine_log:ACE_DUO_CLEAN_V4_15M_LIVE_COLOR.log
16:07:49,ACE_DUO_CLEAN_V4_15M,ALPHA,42,BTCUSDT,,,,,,ENGINE_LOG,SKIP,,,engine_log:ACE_DUO_CLEAN_V4_15M_LIVE_COLOR.log
16:07:54,ACE_DUO_CLEAN_V4_15M,ALPHA,43,BTCUSDT,,,,,,ENGINE_LOG,SKIP,,,engine_log:ACE_DUO_CLEAN_V4_15M_LIVE_COLOR.log
16:08:03,ACE_DUO_CLEAN_V4_15M,ALPHA,44,BTCUSDT,,,,,,ENGINE_LOG,SKIP,,0.5,engine_log:ACE_DUO_CLEAN_V4_15M_LIVE_COLOR.log
16:08:12,ACE_DUO_CLEAN_V4_15M,ALPHA,45,BTCUSDT,,,,,,ENGINE_LOG,SKIP,,0.5,engine_log:ACE_DUO_CLEAN_V4_15M_LIVE_COLOR.log
16:08:13,ACE_DUO_CLEAN_V4_15M,BETA,30,BTCUSDT,,,,,,ENGINE_LOG,SKIP,,,engine_log:ACE_DUO_CLEAN_V4_15M_LIVE_COLOR.log
16:08:25,ACE_DUO_CLEAN_V4_15M,ALPHA,46,BTCUSDT,,,,,,ENGINE_LOG,SKIP,,0.5,engine_log:ACE_DUO_CLEAN_V4_15M_LIVE_COLOR.log
16:08:26,ACE_DUO_CLEAN_V4_15M,BETA,31,BTCUSDT,,,,,,ENGINE_LOG,SKIP,,0.5,engine_log:ACE_DUO_CLEAN_V4_15M_LIVE_COLOR.log
16:08:32,ACE_DUO_CLEAN_V4_15M,BETA,32,BTCUSDT,,,,,,ENGINE_LOG,SKIP,,,engine_log:ACE_DUO_CLEAN_V4_15M_LIVE_COLOR.log
16:08:32,ACE_DUO_CLEAN_V4_15M,ALPHA,47,BTCUSDT,,,,,,ENGINE_LOG,SKIP,,,engine_log:ACE_DUO_CLEAN_V4_15M_LIVE_COLOR.log
16:08:37,ACE_DUO_CLEAN_V4_15M,BETA,33,BTCUSDT,,,,,,ENGINE_LOG,SKIP,,,engine_log:ACE_DUO_CLEAN_V4_15M_LIVE_COLOR.log
16:08:37,ACE_DUO_CLEAN_V4_15M,ALPHA,48,BTCUSDT,,,,,,ENGINE_LOG,SKIP,,,engine_log:ACE_DUO_CLEAN_V4_15M_LIVE_COLOR.log
16:08:45,ACE_DUO_CLEAN_V4_15M,ALPHA,49,BTCUSDT,,,,,,ENGINE_LOG,SKIP,,0.5,engine_log:ACE_DUO_CLEAN_V4_15M_LIVE_COLOR.log
16:08:47,ACE_DUO_CLEAN_V4_15M,BETA,34,BTCUSDT,,,,,,ENGINE_LOG,SKIP,,,engine_log:ACE_DUO_CLEAN_V4_15M_LIVE_COLOR.log
16:08:51,ACE_DUO_CLEAN_V4_15M,ALPHA,50,BTCUSDT,,,,,,ENGINE_LOG,SKIP,,,engine_log:ACE_DUO_CLEAN_V4_15M_LIVE_COLOR.log
16:08:52,ACE_DUO_CLEAN_V4_15M,BETA,35,BTCUSDT,,,,,,ENGINE_LOG,SKIP,,,engine_log:ACE_DUO_CLEAN_V4_15M_LIVE_COLOR.log
16:08:56,ACE_DUO_CLEAN_V4_15M,ALPHA,51,BTCUSDT,,,,,,ENGINE_LOG,SKIP,,,engine_log:ACE_DUO_CLEAN_V4_15M_LIVE_COLOR.log
16:08:59,ACE_DUO_CLEAN_V4_15M,BETA,36,BTCUSDT,,,,,,ENGINE_LOG,SKIP,,0.5,engine_log:ACE_DUO_CLEAN_V4_15M_LIVE_COLOR.log
16:09:01,ACE_DUO_CLEAN_V4_15M,ALPHA,52,BTCUSDT,,,,,,ENGINE_LOG,SKIP,,,engine_log:ACE_DUO_CLEAN_V4_15M_LIVE_COLOR.log
16:09:05,ACE_DUO_CLEAN_V4_15M,BETA,37,BTCUSDT,,,,,,ENGINE_LOG,SKIP,,,engine_log:ACE_DUO_CLEAN_V4_15M_LIVE_COLOR.log
16:09:07,ACE_DUO_CLEAN_V4_15M,ALPHA,53,BTCUSDT,,,,,,ENGINE_LOG,SKIP,,,engine_log:ACE_DUO_CLEAN_V4_15M_LIVE_COLOR.log
16:09:13,ACE_DUO_CLEAN_V4_15M,BETA,38,BTCUSDT,,,,,,ENGINE_LOG,SKIP,,0.3225,engine_log:ACE_DUO_CLEAN_V4_15M_LIVE_COLOR.log
16:09:15,ACE_DUO_CLEAN_V4_15M,ALPHA,54,BTCUSDT,,,,,,ENGINE_LOG,SKIP,,0.3405,engine_log:ACE_DUO_CLEAN_V4_15M_LIVE_COLOR.log
16:09:23,ACE_DUO_CLEAN_V4_15M,ALPHA,55,BTCUSDT,,,,,,ENGINE_LOG,SKIP,,,engine_log:ACE_DUO_CLEAN_V4_15M_LIVE_COLOR.log
16:09:28,ACE_DUO_CLEAN_V4_15M,BETA,39,BTCUSDT,,,,,,ENGINE_LOG,SKIP,,0.5,engine_log:ACE_DUO_CLEAN_V4_15M_LIVE_COLOR.log
16:09:28,ACE_DUO_CLEAN_V4_15M,ALPHA,56,BTCUSDT,,,,,,ENGINE_LOG,SKIP,,,engine_log:ACE_DUO_CLEAN_V4_15M_LIVE_COLOR.log
16:09:36,ACE_DUO_CLEAN_V4_15M,BETA,40,BTCUSDT,,,,,,ENGINE_LOG,SKIP,,0.5,engine_log:ACE_DUO_CLEAN_V4_15M_LIVE_COLOR.log
16:09:39,ACE_DUO_CLEAN_V4_15M,ALPHA,57,BTCUSDT,,,,,,ENGINE_LOG,SKIP,,,engine_log:ACE_DUO_CLEAN_V4_15M_LIVE_COLOR.log
16:09:44,ACE_DUO_CLEAN_V4_15M,BETA,41,BTCUSDT,,,,,,ENGINE_LOG,SKIP,,,engine_log:ACE_DUO_CLEAN_V4_15M_LIVE_COLOR.log
16:09:44,ACE_DUO_CLEAN_V4_15M,ALPHA,58,BTCUSDT,,,,,,ENGINE_LOG,SKIP,,,engine_log:ACE_DUO_CLEAN_V4_15M_LIVE_COLOR.log
16:09:50,ACE_DUO_CLEAN_V4_15M,ALPHA,59,BTCUSDT,,,,,,ENGINE_LOG,SKIP,,,engine_log:ACE_DUO_CLEAN_V4_15M_LIVE_COLOR.log
16:09:55,ACE_DUO_CLEAN_V4_15M,ALPHA,60,BTCUSDT,,,,,,ENGINE_LOG,SKIP,,,engine_log:ACE_DUO_CLEAN_V4_15M_LIVE_COLOR.log
16:09:56,ACE_DUO_CLEAN_V4_15M,BETA,42,BTCUSDT,,,,,,ENGINE_LOG,SKIP,,0.1777,engine_log:ACE_DUO_CLEAN_V4_15M_LIVE_COLOR.log
16:10:00,ACE_DUO_CLEAN_V4_15M,ALPHA,61,BTCUSDT,,,,,,ENGINE_LOG,SKIP,,,engine_log:ACE_DUO_CLEAN_V4_15M_LIVE_COLOR.log
16:10:01,ACE_DUO_CLEAN_V4_15M,BETA,43,BTCUSDT,,,,,,ENGINE_LOG,SKIP,,,engine_log:ACE_DUO_CLEAN_V4_15M_LIVE_COLOR.log
16:10:06,ACE_DUO_CLEAN_V4_15M,ALPHA,62,BTCUSDT,,,,,,ENGINE_LOG,SKIP,,,engine_log:ACE_DUO_CLEAN_V4_15M_LIVE_COLOR.log
16:10:06,ACE_DUO_CLEAN_V4_15M,BETA,44,BTCUSDT,,,,,,ENGINE_LOG,SKIP,,,engine_log:ACE_DUO_CLEAN_V4_15M_LIVE_COLOR.log
16:10:11,ACE_DUO_CLEAN_V4_15M,ALPHA,63,BTCUSDT,,,,,,ENGINE_LOG,SKIP,,,engine_log:ACE_DUO_CLEAN_V4_15M_LIVE_COLOR.log
16:10:12,ACE_DUO_CLEAN_V4_15M,BETA,45,BTCUSDT,,,,,,ENGINE_LOG,SKIP,,,engine_log:ACE_DUO_CLEAN_V4_15M_LIVE_COLOR.log
16:10:16,ACE_DUO_CLEAN_V4_15M,ALPHA,64,BTCUSDT,,,,,,ENGINE_LOG,SKIP,,,engine_log:ACE_DUO_CLEAN_V4_15M_LIVE_COLOR.log
16:10:17,ACE_DUO_CLEAN_V4_15M,BETA,46,BTCUSDT,,,,,,ENGINE_LOG,SKIP,,,engine_log:ACE_DUO_CLEAN_V4_15M_LIVE_COLOR.log
16:10:22,ACE_DUO_CLEAN_V4_15M,BETA,47,BTCUSDT,,,,,,ENGINE_LOG,SKIP,,,engine_log:ACE_DUO_CLEAN_V4_15M_LIVE_COLOR.log
16:10:22,ACE_DUO_CLEAN_V4_15M,ALPHA,65,BTCUSDT,,,,,,ENGINE_LOG,SKIP,,,engine_log:ACE_DUO_CLEAN_V4_15M_LIVE_COLOR.log
16:10:28,ACE_DUO_CLEAN_V4_15M,BETA,48,BTCUSDT,,,,,,ENGINE_LOG,SKIP,,,engine_log:ACE_DUO_CLEAN_V4_15M_LIVE_COLOR.log
16:10:28,ACE_DUO_CLEAN_V4_15M,ALPHA,66,BTCUSDT,,,,,,ENGINE_LOG,SKIP,,,engine_log:ACE_DUO_CLEAN_V4_15M_LIVE_COLOR.log
16:10:34,ACE_DUO_CLEAN_V4_15M,ALPHA,67,BTCUSDT,,,,,,ENGINE_LOG,SKIP,,,engine_log:ACE_DUO_CLEAN_V4_15M_LIVE_COLOR.log
16:10:35,ACE_DUO_CLEAN_V4_15M,BETA,49,BTCUSDT,,,,,,ENGINE_LOG,SKIP,,,engine_log:ACE_DUO_CLEAN_V4_15M_LIVE_COLOR.log
16:10:40,ACE_DUO_CLEAN_V4_15M,ALPHA,68,BTCUSDT,,,,,,ENGINE_LOG,SKIP,,,engine_log:ACE_DUO_CLEAN_V4_15M_LIVE_COLOR.log
16:10:41,ACE_DUO_CLEAN_V4_15M,BETA,50,BTCUSDT,,,,,,ENGINE_LOG,SKIP,,,engine_log:ACE_DUO_CLEAN_V4_15M_LIVE_COLOR.log
16:10:46,ACE_DUO_CLEAN_V4_15M,ALPHA,69,BTCUSDT,,,,,,ENGINE_LOG,SKIP,,,engine_log:ACE_DUO_CLEAN_V4_15M_LIVE_COLOR.log
16:10:46,ACE_DUO_CLEAN_V4_15M,BETA,51,BTCUSDT,,,,,,ENGINE_LOG,SKIP,,,engine_log:ACE_DUO_CLEAN_V4_15M_LIVE_COLOR.log
16:10:52,ACE_DUO_CLEAN_V4_15M,BETA,52,BTCUSDT,,,,,,ENGINE_LOG,SKIP,,,engine_log:ACE_DUO_CLEAN_V4_15M_LIVE_COLOR.log
16:10:52,ACE_DUO_CLEAN_V4_15M,ALPHA,70,BTCUSDT,,,,,,ENGINE_LOG,SKIP,,,engine_log:ACE_DUO_CLEAN_V4_15M_LIVE_COLOR.log
16:10:58,ACE_DUO_CLEAN_V4_15M,ALPHA,71,BTCUSDT,,,,,,ENGINE_LOG,SKIP,,,engine_log:ACE_DUO_CLEAN_V4_15M_LIVE_COLOR.log
16:10:58,ACE_DUO_CLEAN_V4_15M,BETA,53,BTCUSDT,,,,,,ENGINE_LOG,SKIP,,,engine_log:ACE_DUO_CLEAN_V4_15M_LIVE_COLOR.log
16:11:06,ACE_DUO_CLEAN_V4_15M,ALPHA,72,BTCUSDT,,,,,,ENGINE_LOG,SKIP,,0.466,engine_log:ACE_DUO_CLEAN_V4_15M_LIVE_COLOR.log
16:11:06,ACE_DUO_CLEAN_V4_15M,BETA,54,BTCUSDT,,,,,,ENGINE_LOG,SKIP,,0.237,engine_log:ACE_DUO_CLEAN_V4_15M_LIVE_COLOR.log
16:11:15,ACE_DUO_CLEAN_V4_15M,BETA,55,BTCUSDT,,,,,,ENGINE_LOG,SKIP,,0.0547,engine_log:ACE_DUO_CLEAN_V4_15M_LIVE_COLOR.log
16:11:15,ACE_DUO_CLEAN_V4_15M,ALPHA,73,BTCUSDT,,,,,,ENGINE_LOG,SKIP,,0.0547,engine_log:ACE_DUO_CLEAN_V4_15M_LIVE_COLOR.log
16:11:20,ACE_DUO_CLEAN_V4_15M,BETA,56,BTCUSDT,,,,,,ENGINE_LOG,SKIP,,,engine_log:ACE_DUO_CLEAN_V4_15M_LIVE_COLOR.log
16:11:23,ACE_DUO_CLEAN_V4_15M,ALPHA,74,BTCUSDT,,,,,,ENGINE_LOG,SKIP,,,engine_log:ACE_DUO_CLEAN_V4_15M_LIVE_COLOR.log
16:11:26,ACE_DUO_CLEAN_V4_15M,BETA,57,BTCUSDT,,,,,,ENGINE_LOG,SKIP,,,engine_log:ACE_DUO_CLEAN_V4_15M_LIVE_COLOR.log
16:11:31,ACE_DUO_CLEAN_V4_15M,ALPHA,75,BTCUSDT,,,,,,ENGINE_LOG,SKIP,,0.3136,engine_log:ACE_DUO_CLEAN_V4_15M_LIVE_COLOR.log
16:11:31,ACE_DUO_CLEAN_V4_15M,BETA,58,BTCUSDT,,,,,,ENGINE_LOG,SKIP,,,engine_log:ACE_DUO_CLEAN_V4_15M_LIVE_COLOR.log
16:11:37,ACE_DUO_CLEAN_V4_15M,BETA,59,BTCUSDT,,,,,,ENGINE_LOG,SKIP,,,engine_log:ACE_DUO_CLEAN_V4_15M_LIVE_COLOR.log
16:11:37,ACE_DUO_CLEAN_V4_15M,ALPHA,76,BTCUSDT,,,,,,ENGINE_LOG,SKIP,,,engine_log:ACE_DUO_CLEAN_V4_15M_LIVE_COLOR.log
16:11:45,ACE_DUO_CLEAN_V4_15M,BETA,60,BTCUSDT,,,,,,ENGINE_LOG,SKIP,,0.0504,engine_log:ACE_DUO_CLEAN_V4_15M_LIVE_COLOR.log
16:11:45,ACE_DUO_CLEAN_V4_15M,ALPHA,77,BTCUSDT,,,,,,ENGINE_LOG,SKIP,,0.2744,engine_log:ACE_DUO_CLEAN_V4_15M_LIVE_COLOR.log
16:11:53,ACE_DUO_CLEAN_V4_15M,BETA,61,BTCUSDT,,,,,,ENGINE_LOG,SKIP,,0.5,engine_log:ACE_DUO_CLEAN_V4_15M_LIVE_COLOR.log
16:11:53,ACE_DUO_CLEAN_V4_15M,ALPHA,78,BTCUSDT,,,,,,ENGINE_LOG,SKIP,,0.4953,engine_log:ACE_DUO_CLEAN_V4_15M_LIVE_COLOR.log
16:12:00,ACE_DUO_CLEAN_V4_15M,ALPHA,79,BTCUSDT,,,,,,ENGINE_LOG,SKIP,,,engine_log:ACE_DUO_CLEAN_V4_15M_LIVE_COLOR.log
16:12:03,ACE_DUO_CLEAN_V4_15M,BETA,62,BTCUSDT,,,,,,ENGINE_LOG,SKIP,,,engine_log:ACE_DUO_CLEAN_V4_15M_LIVE_COLOR.log
16:12:07,ACE_DUO_CLEAN_V4_15M,ALPHA,80,BTCUSDT,,,,,,ENGINE_LOG,SKIP,,,engine_log:ACE_DUO_CLEAN_V4_15M_LIVE_COLOR.log
16:12:13,ACE_DUO_CLEAN_V4_15M,ALPHA,81,BTCUSDT,,,,,,ENGINE_LOG,SKIP,,,engine_log:ACE_DUO_CLEAN_V4_15M_LIVE_COLOR.log
16:12:15,ACE_DUO_CLEAN_V4_15M,BETA,63,BTCUSDT,,,,,,ENGINE_LOG,SKIP,,,engine_log:ACE_DUO_CLEAN_V4_15M_LIVE_COLOR.log
16:12:18,ACE_DUO_CLEAN_V4_15M,ALPHA,82,BTCUSDT,,,,,,ENGINE_LOG,SKIP,,,engine_log:ACE_DUO_CLEAN_V4_15M_LIVE_COLOR.log
16:12:20,ACE_DUO_CLEAN_V4_15M,BETA,64,BTCUSDT,,,,,,ENGINE_LOG,SKIP,,,engine_log:ACE_DUO_CLEAN_V4_15M_LIVE_COLOR.log
16:12:24,ACE_DUO_CLEAN_V4_15M,ALPHA,83,BTCUSDT,,,,,,ENGINE_LOG,SKIP,,,engine_log:ACE_DUO_CLEAN_V4_15M_LIVE_COLOR.log
16:12:27,ACE_DUO_CLEAN_V4_15M,BETA,65,BTCUSDT,,,,,,ENGINE_LOG,SKIP,,0.5,engine_log:ACE_DUO_CLEAN_V4_15M_LIVE_COLOR.log
16:12:29,ACE_DUO_CLEAN_V4_15M,ALPHA,84,BTCUSDT,,,,,,ENGINE_LOG,SKIP,,,engine_log:ACE_DUO_CLEAN_V4_15M_LIVE_COLOR.log
16:12:33,ACE_DUO_CLEAN_V4_15M,BETA,66,BTCUSDT,,,,,,ENGINE_LOG,SKIP,,,engine_log:ACE_DUO_CLEAN_V4_15M_LIVE_COLOR.log
16:12:35,ACE_DUO_CLEAN_V4_15M,ALPHA,85,BTCUSDT,,,,,,ENGINE_LOG,SKIP,,,engine_log:ACE_DUO_CLEAN_V4_15M_LIVE_COLOR.log
16:12:40,ACE_DUO_CLEAN_V4_15M,ALPHA,86,BTCUSDT,,,,,,ENGINE_LOG,SKIP,,,engine_log:ACE_DUO_CLEAN_V4_15M_LIVE_COLOR.log
16:12:40,ACE_DUO_CLEAN_V4_15M,BETA,67,BTCUSDT,,,,,,ENGINE_LOG,SKIP,,0.0828,engine_log:ACE_DUO_CLEAN_V4_15M_LIVE_COLOR.log
16:12:46,ACE_DUO_CLEAN_V4_15M,BETA,68,BTCUSDT,,,,,,ENGINE_LOG,SKIP,,,engine_log:ACE_DUO_CLEAN_V4_15M_LIVE_COLOR.log
16:12:46,ACE_DUO_CLEAN_V4_15M,ALPHA,87,BTCUSDT,,,,,,ENGINE_LOG,SKIP,,,engine_log:ACE_DUO_CLEAN_V4_15M_LIVE_COLOR.log
16:12:53,ACE_DUO_CLEAN_V4_15M,BETA,69,BTCUSDT,,,,,,ENGINE_LOG,SKIP,,0.0572,engine_log:ACE_DUO_CLEAN_V4_15M_LIVE_COLOR.log
16:12:54,ACE_DUO_CLEAN_V4_15M,ALPHA,88,BTCUSDT,,,,,,ENGINE_LOG,SKIP,,0.0572,engine_log:ACE_DUO_CLEAN_V4_15M_LIVE_COLOR.log
16:12:58,ACE_DUO_CLEAN_V4_15M,BETA,70,BTCUSDT,,,,,,ENGINE_LOG,SKIP,,,engine_log:ACE_DUO_CLEAN_V4_15M_LIVE_COLOR.log
16:13:01,ACE_DUO_CLEAN_V4_15M,ALPHA,89,BTCUSDT,,,,,,ENGINE_LOG,SKIP,,,engine_log:ACE_DUO_CLEAN_V4_15M_LIVE_COLOR.log
16:13:08,ACE_DUO_CLEAN_V4_15M,ALPHA,90,BTCUSDT,,,,,,ENGINE_LOG,SKIP,,,engine_log:ACE_DUO_CLEAN_V4_15M_LIVE_COLOR.log
16:13:12,ACE_DUO_CLEAN_V4_15M,BETA,71,BTCUSDT,,,,,,ENGINE_LOG,SKIP,,0.255,engine_log:ACE_DUO_CLEAN_V4_15M_LIVE_COLOR.log
16:13:13,ACE_DUO_CLEAN_V4_15M,ALPHA,91,BTCUSDT,,,,,,ENGINE_LOG,SKIP,,,engine_log:ACE_DUO_CLEAN_V4_15M_LIVE_COLOR.log
16:13:17,ACE_DUO_CLEAN_V4_15M,BETA,72,BTCUSDT,,,,,,ENGINE_LOG,SKIP,,,engine_log:ACE_DUO_CLEAN_V4_15M_LIVE_COLOR.log
16:13:21,ACE_DUO_CLEAN_V4_15M,ALPHA,92,BTCUSDT,,,,,,ENGINE_LOG,SKIP,,0.5,engine_log:ACE_DUO_CLEAN_V4_15M_LIVE_COLOR.log
16:13:26,ACE_DUO_CLEAN_V4_15M,BETA,73,BTCUSDT,,,,,,ENGINE_LOG,SKIP,,0.5,engine_log:ACE_DUO_CLEAN_V4_15M_LIVE_COLOR.log
16:13:29,ACE_DUO_CLEAN_V4_15M,ALPHA,93,BTCUSDT,,,,,,ENGINE_LOG,SKIP,,0.0835,engine_log:ACE_DUO_CLEAN_V4_15M_LIVE_COLOR.log
16:13:33,ACE_DUO_CLEAN_V4_15M,BETA,74,BTCUSDT,,,,,,ENGINE_LOG,SKIP,,0.3505,engine_log:ACE_DUO_CLEAN_V4_15M_LIVE_COLOR.log
16:13:35,ACE_DUO_CLEAN_V4_15M,ALPHA,94,BTCUSDT,,,,,,ENGINE_LOG,SKIP,,,engine_log:ACE_DUO_CLEAN_V4_15M_LIVE_COLOR.log
16:13:40,ACE_DUO_CLEAN_V4_15M,ALPHA,95,BTCUSDT,,,,,,ENGINE_LOG,SKIP,,,engine_log:ACE_DUO_CLEAN_V4_15M_LIVE_COLOR.log
16:13:41,ACE_DUO_CLEAN_V4_15M,BETA,75,BTCUSDT,,,,,,ENGINE_LOG,SKIP,,0.5,engine_log:ACE_DUO_CLEAN_V4_15M_LIVE_COLOR.log
16:13:46,ACE_DUO_CLEAN_V4_15M,ALPHA,96,BTCUSDT,,,,,,ENGINE_LOG,SKIP,,,engine_log:ACE_DUO_CLEAN_V4_15M_LIVE_COLOR.log
16:13:52,ACE_DUO_CLEAN_V4_15M,ALPHA,97,BTCUSDT,,,,,,ENGINE_LOG,SKIP,,,engine_log:ACE_DUO_CLEAN_V4_15M_LIVE_COLOR.log
16:13:56,ACE_DUO_CLEAN_V4_15M,BETA,76,BTCUSDT,,,,,,ENGINE_LOG,SKIP,,0.5,engine_log:ACE_DUO_CLEAN_V4_15M_LIVE_COLOR.log
16:13:58,ACE_DUO_CLEAN_V4_15M,ALPHA,98,BTCUSDT,,,,,,ENGINE_LOG,SKIP,,,engine_log:ACE_DUO_CLEAN_V4_15M_LIVE_COLOR.log
16:14:01,ACE_DUO_CLEAN_V4_15M,BETA,77,BTCUSDT,,,,,,ENGINE_LOG,SKIP,,,engine_log:ACE_DUO_CLEAN_V4_15M_LIVE_COLOR.log
16:14:06,ACE_DUO_CLEAN_V4_15M,ALPHA,99,BTCUSDT,,,,,,ENGINE_LOG,SKIP,,0.5,engine_log:ACE_DUO_CLEAN_V4_15M_LIVE_COLOR.log
16:14:06,ACE_DUO_CLEAN_V4_15M,BETA,78,BTCUSDT,,,,,,ENGINE_LOG,SKIP,,,engine_log:ACE_DUO_CLEAN_V4_15M_LIVE_COLOR.log
16:14:14,ACE_DUO_CLEAN_V4_15M,ALPHA,100,BTCUSDT,,,,,,ENGINE_LOG,SKIP,,0.5,engine_log:ACE_DUO_CLEAN_V4_15M_LIVE_COLOR.log
16:14:15,ACE_DUO_CLEAN_V4_15M,BETA,79,BTCUSDT,,,,,,ENGINE_LOG,SKIP,,0.5,engine_log:ACE_DUO_CLEAN_V4_15M_LIVE_COLOR.log
16:14:19,ACE_DUO_CLEAN_V4_15M,ALPHA,101,BTCUSDT,,,,,,ENGINE_LOG,SKIP,,,engine_log:ACE_DUO_CLEAN_V4_15M_LIVE_COLOR.log
16:14:20,ACE_DUO_CLEAN_V4_15M,BETA,80,BTCUSDT,,,,,,ENGINE_LOG,SKIP,,,engine_log:ACE_DUO_CLEAN_V4_15M_LIVE_COLOR.log
16:14:28,ACE_DUO_CLEAN_V4_15M,ALPHA,102,BTCUSDT,,,,,,ENGINE_LOG,SKIP,,0.5,engine_log:ACE_DUO_CLEAN_V4_15M_LIVE_COLOR.log
16:14:28,ACE_DUO_CLEAN_V4_15M,BETA,81,BTCUSDT,,,,,,ENGINE_LOG,SKIP,,0.5,engine_log:ACE_DUO_CLEAN_V4_15M_LIVE_COLOR.log
16:14:38,ACE_DUO_CLEAN_V4_15M,BETA,82,BTCUSDT,,,,,,ENGINE_LOG,SKIP,,0.5,engine_log:ACE_DUO_CLEAN_V4_15M_LIVE_COLOR.log
16:14:38,ACE_DUO_CLEAN_V4_15M,ALPHA,103,BTCUSDT,,,,,,ENGINE_LOG,SKIP,,0.5,engine_log:ACE_DUO_CLEAN_V4_15M_LIVE_COLOR.log
16:14:45,ACE_DUO_CLEAN_V4_15M,BETA,83,BTCUSDT,,,,,,ENGINE_LOG,SKIP,,0.5,engine_log:ACE_DUO_CLEAN_V4_15M_LIVE_COLOR.log
16:14:46,ACE_DUO_CLEAN_V4_15M,ALPHA,104,BTCUSDT,,,,,,ENGINE_LOG,SKIP,,0.5,engine_log:ACE_DUO_CLEAN_V4_15M_LIVE_COLOR.log
16:14:51,ACE_DUO_CLEAN_V4_15M,BETA,84,BTCUSDT,,,,,,ENGINE_LOG,SKIP,,,engine_log:ACE_DUO_CLEAN_V4_15M_LIVE_COLOR.log
16:14:54,ACE_DUO_CLEAN_V4_15M,ALPHA,105,BTCUSDT,,,,,,ENGINE_LOG,SKIP,,0.5,engine_log:ACE_DUO_CLEAN_V4_15M_LIVE_COLOR.log
16:14:58,ACE_DUO_CLEAN_V4_15M,BETA,85,BTCUSDT,,,,,,ENGINE_LOG,SKIP,,,engine_log:ACE_DUO_CLEAN_V4_15M_LIVE_COLOR.log
16:14:59,ACE_DUO_CLEAN_V4_15M,ALPHA,106,BTCUSDT,,,,,,ENGINE_LOG,SKIP,,,engine_log:ACE_DUO_CLEAN_V4_15M_LIVE_COLOR.log
16:15:04,ACE_DUO_CLEAN_V4_15M,BETA,86,BTCUSDT,,,,,,ENGINE_LOG,SKIP,,,engine_log:ACE_DUO_CLEAN_V4_15M_LIVE_COLOR.log
16:15:05,ACE_DUO_CLEAN_V4_15M,ALPHA,107,BTCUSDT,,,,,,ENGINE_LOG,SKIP,,,engine_log:ACE_DUO_CLEAN_V4_15M_LIVE_COLOR.log
16:15:09,ACE_DUO_CLEAN_V4_15M,BETA,87,BTCUSDT,,,,,,ENGINE_LOG,SKIP,,,engine_log:ACE_DUO_CLEAN_V4_15M_LIVE_COLOR.log
16:15:11,ACE_DUO_CLEAN_V4_15M,ALPHA,108,BTCUSDT,,,,,,ENGINE_LOG,SKIP,,,engine_log:ACE_DUO_CLEAN_V4_15M_LIVE_COLOR.log
16:15:14,ACE_DUO_CLEAN_V4_15M,BETA,88,BTCUSDT,,,,,,ENGINE_LOG,SKIP,,,engine_log:ACE_DUO_CLEAN_V4_15M_LIVE_COLOR.log
16:15:16,ACE_DUO_CLEAN_V4_15M,ALPHA,109,BTCUSDT,,,,,,ENGINE_LOG,SKIP,,,engine_log:ACE_DUO_CLEAN_V4_15M_LIVE_COLOR.log
16:15:19,ACE_DUO_CLEAN_V4_15M,BETA,89,BTCUSDT,,,,,,ENGINE_LOG,SKIP,,,engine_log:ACE_DUO_CLEAN_V4_15M_LIVE_COLOR.log
16:15:24,ACE_DUO_CLEAN_V4_15M,ALPHA,110,BTCUSDT,,,,,,ENGINE_LOG,SKIP,,0.1487,engine_log:ACE_DUO_CLEAN_V4_15M_LIVE_COLOR.log
16:15:27,ACE_DUO_CLEAN_V4_15M,BETA,90,BTCUSDT,,,,,,ENGINE_LOG,SKIP,,0.5,engine_log:ACE_DUO_CLEAN_V4_15M_LIVE_COLOR.log
16:15:31,ACE_DUO_CLEAN_V4_15M,ALPHA,111,BTCUSDT,,,,,,ENGINE_LOG,SKIP,,,engine_log:ACE_DUO_CLEAN_V4_15M_LIVE_COLOR.log
16:15:33,ACE_DUO_CLEAN_V4_15M,BETA,91,BTCUSDT,,,,,,ENGINE_LOG,SKIP,,,engine_log:ACE_DUO_CLEAN_V4_15M_LIVE_COLOR.log
16:15:37,ACE_DUO_CLEAN_V4_15M,ALPHA,112,BTCUSDT,,,,,,ENGINE_LOG,SKIP,,,engine_log:ACE_DUO_CLEAN_V4_15M_LIVE_COLOR.log
16:15:38,ACE_DUO_CLEAN_V4_15M,BETA,92,BTCUSDT,,,,,,ENGINE_LOG,SKIP,,,engine_log:ACE_DUO_CLEAN_V4_15M_LIVE_COLOR.log
16:15:43,ACE_DUO_CLEAN_V4_15M,BETA,93,BTCUSDT,,,,,,ENGINE_LOG,SKIP,,,engine_log:ACE_DUO_CLEAN_V4_15M_LIVE_COLOR.log
16:15:45,ACE_DUO_CLEAN_V4_15M,ALPHA,113,BTCUSDT,,,,,,ENGINE_LOG,SKIP,,,engine_log:ACE_DUO_CLEAN_V4_15M_LIVE_COLOR.log
16:15:48,ACE_DUO_CLEAN_V4_15M,BETA,94,BTCUSDT,,,,,,ENGINE_LOG,SKIP,,,engine_log:ACE_DUO_CLEAN_V4_15M_LIVE_COLOR.log
16:15:50,ACE_DUO_CLEAN_V4_15M,ALPHA,114,BTCUSDT,,,,,,ENGINE_LOG,SKIP,,,engine_log:ACE_DUO_CLEAN_V4_15M_LIVE_COLOR.log
16:15:54,ACE_DUO_CLEAN_V4_15M,BETA,95,BTCUSDT,,,,,,ENGINE_LOG,SKIP,,,engine_log:ACE_DUO_CLEAN_V4_15M_LIVE_COLOR.log
16:15:58,ACE_DUO_CLEAN_V4_15M,ALPHA,115,BTCUSDT,,,,,,ENGINE_LOG,SKIP,,0.5,engine_log:ACE_DUO_CLEAN_V4_15M_LIVE_COLOR.log
16:16:02,ACE_DUO_CLEAN_V4_15M,BETA,96,BTCUSDT,,,,,,ENGINE_LOG,SKIP,,0.5,engine_log:ACE_DUO_CLEAN_V4_15M_LIVE_COLOR.log
16:16:06,ACE_DUO_CLEAN_V4_15M,ALPHA,116,BTCUSDT,,,,,,ENGINE_LOG,SKIP,,0.2649,engine_log:ACE_DUO_CLEAN_V4_15M_LIVE_COLOR.log
16:16:09,ACE_DUO_CLEAN_V4_15M,BETA,97,BTCUSDT,,,,,,ENGINE_LOG,SKIP,,0.5,engine_log:ACE_DUO_CLEAN_V4_15M_LIVE_COLOR.log
16:16:14,ACE_DUO_CLEAN_V4_15M,ALPHA,117,BTCUSDT,,,,,,ENGINE_LOG,SKIP,,0.5,engine_log:ACE_DUO_CLEAN_V4_15M_LIVE_COLOR.log
16:16:17,ACE_DUO_CLEAN_V4_15M,BETA,98,BTCUSDT,,,,,,ENGINE_LOG,SKIP,,0.1271,engine_log:ACE_DUO_CLEAN_V4_15M_LIVE_COLOR.log
16:16:19,ACE_DUO_CLEAN_V4_15M,ALPHA,118,BTCUSDT,,,,,,ENGINE_LOG,SKIP,,,engine_log:ACE_DUO_CLEAN_V4_15M_LIVE_COLOR.log
16:16:22,ACE_DUO_CLEAN_V4_15M,BETA,99,BTCUSDT,,,,,,ENGINE_LOG,SKIP,,,engine_log:ACE_DUO_CLEAN_V4_15M_LIVE_COLOR.log
16:16:25,ACE_DUO_CLEAN_V4_15M,ALPHA,119,BTCUSDT,,,,,,ENGINE_LOG,SKIP,,,engine_log:ACE_DUO_CLEAN_V4_15M_LIVE_COLOR.log
16:16:30,ACE_DUO_CLEAN_V4_15M,ALPHA,120,BTCUSDT,,,,,,ENGINE_LOG,SKIP,,,engine_log:ACE_DUO_CLEAN_V4_15M_LIVE_COLOR.log
16:16:31,ACE_DUO_CLEAN_V4_15M,BETA,100,BTCUSDT,,,,,,ENGINE_LOG,SKIP,,0.5,engine_log:ACE_DUO_CLEAN_V4_15M_LIVE_COLOR.log
16:16:36,ACE_DUO_CLEAN_V4_15M,BETA,101,BTCUSDT,,,,,,ENGINE_LOG,SKIP,,,engine_log:ACE_DUO_CLEAN_V4_15M_LIVE_COLOR.log
16:16:39,ACE_DUO_CLEAN_V4_15M,ALPHA,121,BTCUSDT,,,,,,ENGINE_LOG,SKIP,,0.5,engine_log:ACE_DUO_CLEAN_V4_15M_LIVE_COLOR.log
16:16:43,ACE_DUO_CLEAN_V4_15M,BETA,102,BTCUSDT,,,,,,ENGINE_LOG,SKIP,,0.5,engine_log:ACE_DUO_CLEAN_V4_15M_LIVE_COLOR.log
16:16:45,ACE_DUO_CLEAN_V4_15M,ALPHA,122,BTCUSDT,,,,,,ENGINE_LOG,SKIP,,,engine_log:ACE_DUO_CLEAN_V4_15M_LIVE_COLOR.log
16:16:52,ACE_DUO_CLEAN_V4_15M,BETA,103,BTCUSDT,,,,,,ENGINE_LOG,SKIP,,0.1237,engine_log:ACE_DUO_CLEAN_V4_15M_LIVE_COLOR.log
16:16:58,ACE_DUO_CLEAN_V4_15M,ALPHA,123,BTCUSDT,,,,,,ENGINE_LOG,SKIP,,0.0608,engine_log:ACE_DUO_CLEAN_V4_15M_LIVE_COLOR.log
16:17:00,ACE_DUO_CLEAN_V4_15M,BETA,104,BTCUSDT,,,,,,ENGINE_LOG,SKIP,,0.218,engine_log:ACE_DUO_CLEAN_V4_15M_LIVE_COLOR.log
16:17:04,ACE_DUO_CLEAN_V4_15M,ALPHA,124,BTCUSDT,,,,,,ENGINE_LOG,SKIP,,,engine_log:ACE_DUO_CLEAN_V4_15M_LIVE_COLOR.log
16:17:05,ACE_DUO_CLEAN_V4_15M,BETA,105,BTCUSDT,,,,,,ENGINE_LOG,SKIP,,,engine_log:ACE_DUO_CLEAN_V4_15M_LIVE_COLOR.log
16:17:11,ACE_DUO_CLEAN_V4_15M,ALPHA,125,BTCUSDT,,,,,,ENGINE_LOG,SKIP,,,engine_log:ACE_DUO_CLEAN_V4_15M_LIVE_COLOR.log
16:17:17,ACE_DUO_CLEAN_V4_15M,BETA,106,BTCUSDT,,,,,,ENGINE_LOG,SKIP,,,engine_log:ACE_DUO_CLEAN_V4_15M_LIVE_COLOR.log
16:02:18,ACE_DUO_CLEAN_V4_15M,BETA,1,BTCUSDT,,,,,,ENGINE_LOG,SKIP,,,engine_log:ACE_DUO_CLEAN_V4_15M_LIVE_COLOR.log;tension=0.0
16:02:20,ACE_DUO_CLEAN_V4_15M,ALPHA,1,BTCUSDT,,,,,,ENGINE_LOG,SKIP,,,engine_log:ACE_DUO_CLEAN_V4_15M_LIVE_COLOR.log;tension=0.0
16:02:23,ACE_DUO_CLEAN_V4_15M,BETA,2,BTCUSDT,,,,,,ENGINE_LOG,SKIP,,,engine_log:ACE_DUO_CLEAN_V4_15M_LIVE_COLOR.log;tension=0.0
16:02:25,ACE_DUO_CLEAN_V4_15M,ALPHA,2,BTCUSDT,,,,,,ENGINE_LOG,SKIP,,,engine_log:ACE_DUO_CLEAN_V4_15M_LIVE_COLOR.log;tension=0.0
16:02:28,ACE_DUO_CLEAN_V4_15M,BETA,3,BTCUSDT,,,,,,ENGINE_LOG,SKIP,,,engine_log:ACE_DUO_CLEAN_V4_15M_LIVE_COLOR.log;tension=0.0
16:02:30,ACE_DUO_CLEAN_V4_15M,ALPHA,3,BTCUSDT,,,,,,ENGINE_LOG,SKIP,,,engine_log:ACE_DUO_CLEAN_V4_15M_LIVE_COLOR.log;tension=0.0
16:02:36,ACE_DUO_CLEAN_V4_15M,BETA,4,BTCUSDT,,,,,,ENGINE_LOG,SKIP,,0.5,engine_log:ACE_DUO_CLEAN_V4_15M_LIVE_COLOR.log;tension=1.06849918
16:02:38,ACE_DUO_CLEAN_V4_15M,ALPHA,4,BTCUSDT,,,,,,ENGINE_LOG,SKIP,,0.5,engine_log:ACE_DUO_CLEAN_V4_15M_LIVE_COLOR.log;tension=0.70308789
16:02:42,ACE_DUO_CLEAN_V4_15M,BETA,5,BTCUSDT,,,,,,ENGINE_LOG,SKIP,,,engine_log:ACE_DUO_CLEAN_V4_15M_LIVE_COLOR.log;tension=0.0
16:02:47,ACE_DUO_CLEAN_V4_15M,ALPHA,5,BTCUSDT,,,,,,ENGINE_LOG,SKIP,,,engine_log:ACE_DUO_CLEAN_V4_15M_LIVE_COLOR.log;tension=4.25437379
16:02:49,ACE_DUO_CLEAN_V4_15M,BETA,6,BTCUSDT,,,,,,ENGINE_LOG,SKIP,,,engine_log:ACE_DUO_CLEAN_V4_15M_LIVE_COLOR.log;tension=3.47090971
16:02:52,ACE_DUO_CLEAN_V4_15M,ALPHA,6,BTCUSDT,,,,,,ENGINE_LOG,SKIP,,,engine_log:ACE_DUO_CLEAN_V4_15M_LIVE_COLOR.log;tension=0.00092633
16:02:57,ACE_DUO_CLEAN_V4_15M,BETA,7,BTCUSDT,,,,,,ENGINE_LOG,SKIP,,0.5,engine_log:ACE_DUO_CLEAN_V4_15M_LIVE_COLOR.log;tension=2.84403454
16:03:00,ACE_DUO_CLEAN_V4_15M,ALPHA,7,BTCUSDT,,,,,,ENGINE_LOG,SKIP,,,engine_log:ACE_DUO_CLEAN_V4_15M_LIVE_COLOR.log;tension=8.3e-07
16:03:06,ACE_DUO_CLEAN_V4_15M,ALPHA,8,BTCUSDT,,,,,,ENGINE_LOG,SKIP,,,engine_log:ACE_DUO_CLEAN_V4_15M_LIVE_COLOR.log;tension=0.01041051
16:03:07,ACE_DUO_CLEAN_V4_15M,BETA,8,BTCUSDT,,,,,,ENGINE_LOG,SKIP,,0.5,engine_log:ACE_DUO_CLEAN_V4_15M_LIVE_COLOR.log;tension=2.13510629
16:03:12,ACE_DUO_CLEAN_V4_15M,BETA,9,BTCUSDT,,,,,,ENGINE_LOG,SKIP,,,engine_log:ACE_DUO_CLEAN_V4_15M_LIVE_COLOR.log;tension=3.858e-05
16:03:13,ACE_DUO_CLEAN_V4_15M,ALPHA,9,BTCUSDT,,,,,,ENGINE_LOG,SKIP,,0.1399,engine_log:ACE_DUO_CLEAN_V4_15M_LIVE_COLOR.log;tension=0.16787858
16:03:22,ACE_DUO_CLEAN_V4_15M,ALPHA,10,BTCUSDT,,,,,,ENGINE_LOG,SKIP,,0.5,engine_log:ACE_DUO_CLEAN_V4_15M_LIVE_COLOR.log;tension=3.76087457
16:03:23,ACE_DUO_CLEAN_V4_15M,BETA,10,BTCUSDT,,,,,,ENGINE_LOG,SKIP,,,engine_log:ACE_DUO_CLEAN_V4_15M_LIVE_COLOR.log;tension=0.0
16:03:30,ACE_DUO_CLEAN_V4_15M,BETA,11,BTCUSDT,,,,,,ENGINE_LOG,SKIP,,0.2027,engine_log:ACE_DUO_CLEAN_V4_15M_LIVE_COLOR.log;tension=0.2432379
16:03:30,ACE_DUO_CLEAN_V4_15M,ALPHA,11,BTCUSDT,,,,,,ENGINE_LOG,SKIP,,0.2027,engine_log:ACE_DUO_CLEAN_V4_15M_LIVE_COLOR.log;tension=0.2432379
16:03:38,ACE_DUO_CLEAN_V4_15M,ALPHA,12,BTCUSDT,,,,,,ENGINE_LOG,SKIP,,0.1007,engine_log:ACE_DUO_CLEAN_V4_15M_LIVE_COLOR.log;tension=0.12086166
16:03:43,ACE_DUO_CLEAN_V4_15M,BETA,12,BTCUSDT,,,,,,ENGINE_LOG,SKIP,,0.1013,engine_log:ACE_DUO_CLEAN_V4_15M_LIVE_COLOR.log;tension=0.12154067
16:03:44,ACE_DUO_CLEAN_V4_15M,ALPHA,13,BTCUSDT,,,,,,ENGINE_LOG,SKIP,,,engine_log:ACE_DUO_CLEAN_V4_15M_LIVE_COLOR.log;tension=0.0
16:03:51,ACE_DUO_CLEAN_V4_15M,BETA,13,BTCUSDT,,,,,,ENGINE_LOG,SKIP,,0.112,engine_log:ACE_DUO_CLEAN_V4_15M_LIVE_COLOR.log;tension=0.09128819
16:03:56,ACE_DUO_CLEAN_V4_15M,ALPHA,14,BTCUSDT,,,,,,ENGINE_LOG,SKIP,,,engine_log:ACE_DUO_CLEAN_V4_15M_LIVE_COLOR.log;tension=6.891e-05
16:03:56,ACE_DUO_CLEAN_V4_15M,BETA,14,BTCUSDT,,,,,,ENGINE_LOG,SKIP,,,engine_log:ACE_DUO_CLEAN_V4_15M_LIVE_COLOR.log;tension=0.0
16:04:05,ACE_DUO_CLEAN_V4_15M,ALPHA,15,BTCUSDT,,,,,,ENGINE_LOG,SKIP,,,engine_log:ACE_DUO_CLEAN_V4_15M_LIVE_COLOR.log;tension=3.82504224
16:04:14,ACE_DUO_CLEAN_V4_15M,ALPHA,16,BTCUSDT,,,,,,ENGINE_LOG,SKIP,,0.5,engine_log:ACE_DUO_CLEAN_V4_15M_LIVE_COLOR.log;tension=1.78010565
16:04:20,ACE_DUO_CLEAN_V4_15M,ALPHA,17,BTCUSDT,,,,,,ENGINE_LOG,SKIP,,,engine_log:ACE_DUO_CLEAN_V4_15M_LIVE_COLOR.log;tension=0.00020154
16:04:25,ACE_DUO_CLEAN_V4_15M,ALPHA,18,BTCUSDT,,,,,,ENGINE_LOG,SKIP,,,engine_log:ACE_DUO_CLEAN_V4_15M_LIVE_COLOR.log;tension=0.0
16:04:31,ACE_DUO_CLEAN_V4_15M,ALPHA,19,BTCUSDT,,,,,,ENGINE_LOG,SKIP,,,engine_log:ACE_DUO_CLEAN_V4_15M_LIVE_COLOR.log;tension=0.0
16:05:04,ACE_DUO_CLEAN_V4_15M,BETA,16,BTCUSDT,,,,,,ENGINE_LOG,SKIP,,,engine_log:ACE_DUO_CLEAN_V4_15M_LIVE_COLOR.log;tension=0.0
16:05:09,ACE_DUO_CLEAN_V4_15M,ALPHA,21,BTCUSDT,,,,,,ENGINE_LOG,SKIP,,,engine_log:ACE_DUO_CLEAN_V4_15M_LIVE_COLOR.log;tension=0.00479939
16:05:13,ACE_DUO_CLEAN_V4_15M,BETA,17,BTCUSDT,,,,,,ENGINE_LOG,SKIP,,0.5,engine_log:ACE_DUO_CLEAN_V4_15M_LIVE_COLOR.log;tension=0.85843368
16:05:15,ACE_DUO_CLEAN_V4_15M,ALPHA,22,BTCUSDT,,,,,,ENGINE_LOG,SKIP,,,engine_log:ACE_DUO_CLEAN_V4_15M_LIVE_COLOR.log;tension=0.00111407
16:05:23,ACE_DUO_CLEAN_V4_15M,ALPHA,23,BTCUSDT,,,,,,ENGINE_LOG,SKIP,,0.3713,engine_log:ACE_DUO_CLEAN_V4_15M_LIVE_COLOR.log;tension=0.44559461
16:05:26,ACE_DUO_CLEAN_V4_15M,BETA,18,BTCUSDT,,,,,,ENGINE_LOG,SKIP,,0.5,engine_log:ACE_DUO_CLEAN_V4_15M_LIVE_COLOR.log;tension=1.04200541
16:05:30,ACE_DUO_CLEAN_V4_15M,ALPHA,24,BTCUSDT,,,,,,ENGINE_LOG,SKIP,,0.5,engine_log:ACE_DUO_CLEAN_V4_15M_LIVE_COLOR.log;tension=0.7072648
16:05:31,ACE_DUO_CLEAN_V4_15M,BETA,19,BTCUSDT,,,,,,ENGINE_LOG,SKIP,,,engine_log:ACE_DUO_CLEAN_V4_15M_LIVE_COLOR.log;tension=0.0
16:05:36,ACE_DUO_CLEAN_V4_15M,ALPHA,25,BTCUSDT,,,,,,ENGINE_LOG,SKIP,,,engine_log:ACE_DUO_CLEAN_V4_15M_LIVE_COLOR.log;tension=0.0
16:05:36,ACE_DUO_CLEAN_V4_15M,BETA,20,BTCUSDT,,,,,,ENGINE_LOG,SKIP,,,engine_log:ACE_DUO_CLEAN_V4_15M_LIVE_COLOR.log;tension=0.0
16:05:46,ACE_DUO_CLEAN_V4_15M,BETA,21,BTCUSDT,,,,,,ENGINE_LOG,SKIP,,0.5,engine_log:ACE_DUO_CLEAN_V4_15M_LIVE_COLOR.log;tension=1.54215427
16:05:46,ACE_DUO_CLEAN_V4_15M,ALPHA,26,BTCUSDT,,,,,,ENGINE_LOG,SKIP,,0.5,engine_log:ACE_DUO_CLEAN_V4_15M_LIVE_COLOR.log;tension=1.54215427
16:05:52,ACE_DUO_CLEAN_V4_15M,BETA,22,BTCUSDT,,,,,,ENGINE_LOG,SKIP,,,engine_log:ACE_DUO_CLEAN_V4_15M_LIVE_COLOR.log;tension=1.035e-05
16:05:52,ACE_DUO_CLEAN_V4_15M,ALPHA,27,BTCUSDT,,,,,,ENGINE_LOG,SKIP,,,engine_log:ACE_DUO_CLEAN_V4_15M_LIVE_COLOR.log;tension=1.035e-05
16:06:00,ACE_DUO_CLEAN_V4_15M,BETA,23,BTCUSDT,,,,,,ENGINE_LOG,SKIP,,0.5,engine_log:ACE_DUO_CLEAN_V4_15M_LIVE_COLOR.log;tension=4.2307727
16:06:00,ACE_DUO_CLEAN_V4_15M,ALPHA,28,BTCUSDT,,,,,,ENGINE_LOG,SKIP,,0.5,engine_log:ACE_DUO_CLEAN_V4_15M_LIVE_COLOR.log;tension=4.23076487
16:06:07,ACE_DUO_CLEAN_V4_15M,BETA,24,BTCUSDT,,,,,,ENGINE_LOG,SKIP,,0.5,engine_log:ACE_DUO_CLEAN_V4_15M_LIVE_COLOR.log;tension=5.9875557
16:06:08,ACE_DUO_CLEAN_V4_15M,ALPHA,29,BTCUSDT,,,,,,ENGINE_LOG,SKIP,,0.5,engine_log:ACE_DUO_CLEAN_V4_15M_LIVE_COLOR.log;tension=2.71417467
16:06:13,ACE_DUO_CLEAN_V4_15M,BETA,25,BTCUSDT,,,,,,ENGINE_LOG,SKIP,,,engine_log:ACE_DUO_CLEAN_V4_15M_LIVE_COLOR.log;tension=0.0
16:06:13,ACE_DUO_CLEAN_V4_15M,ALPHA,30,BTCUSDT,,,,,,ENGINE_LOG,SKIP,,,engine_log:ACE_DUO_CLEAN_V4_15M_LIVE_COLOR.log;tension=0.0
16:06:18,ACE_DUO_CLEAN_V4_15M,BETA,26,BTCUSDT,,,,,,ENGINE_LOG,SKIP,,,engine_log:ACE_DUO_CLEAN_V4_15M_LIVE_COLOR.log;tension=0.0
16:06:21,ACE_DUO_CLEAN_V4_15M,ALPHA,31,BTCUSDT,,,,,,ENGINE_LOG,SKIP,,,engine_log:ACE_DUO_CLEAN_V4_15M_LIVE_COLOR.log;tension=0.36161624
16:06:23,ACE_DUO_CLEAN_V4_15M,BETA,27,BTCUSDT,,,,,,ENGINE_LOG,SKIP,,,engine_log:ACE_DUO_CLEAN_V4_15M_LIVE_COLOR.log;tension=0.0
16:06:26,ACE_DUO_CLEAN_V4_15M,ALPHA,32,BTCUSDT,,,,,,ENGINE_LOG,SKIP,,,engine_log:ACE_DUO_CLEAN_V4_15M_LIVE_COLOR.log;tension=0.0
16:06:30,ACE_DUO_CLEAN_V4_15M,BETA,28,BTCUSDT,,,,,,ENGINE_LOG,SKIP,,0.5,engine_log:ACE_DUO_CLEAN_V4_15M_LIVE_COLOR.log;tension=2.18775722
16:06:35,ACE_DUO_CLEAN_V4_15M,ALPHA,33,BTCUSDT,,,,,,ENGINE_LOG,SKIP,,0.1189,engine_log:ACE_DUO_CLEAN_V4_15M_LIVE_COLOR.log;tension=0.07548808
16:06:47,ACE_DUO_CLEAN_V4_15M,ALPHA,34,BTCUSDT,,,,,,ENGINE_LOG,SKIP,,,engine_log:ACE_DUO_CLEAN_V4_15M_LIVE_COLOR.log;tension=0.74844863
16:06:58,ACE_DUO_CLEAN_V4_15M,ALPHA,35,BTCUSDT,,,,,,ENGINE_LOG,SKIP,,,engine_log:ACE_DUO_CLEAN_V4_15M_LIVE_COLOR.log;tension=2.54355032
16:07:09,ACE_DUO_CLEAN_V4_15M,ALPHA,36,BTCUSDT,,,,,,ENGINE_LOG,SKIP,,0.5,engine_log:ACE_DUO_CLEAN_V4_15M_LIVE_COLOR.log;tension=1.64530185
16:07:17,ACE_DUO_CLEAN_V4_15M,ALPHA,37,BTCUSDT,,,,,,ENGINE_LOG,SKIP,,0.3294,engine_log:ACE_DUO_CLEAN_V4_15M_LIVE_COLOR.log;tension=0.39523241
16:07:22,ACE_DUO_CLEAN_V4_15M,ALPHA,38,BTCUSDT,,,,,,ENGINE_LOG,SKIP,,,engine_log:ACE_DUO_CLEAN_V4_15M_LIVE_COLOR.log;tension=0.00170889
16:07:27,ACE_DUO_CLEAN_V4_15M,ALPHA,39,BTCUSDT,,,,,,ENGINE_LOG,SKIP,,,engine_log:ACE_DUO_CLEAN_V4_15M_LIVE_COLOR.log;tension=0.00561229
16:07:35,ACE_DUO_CLEAN_V4_15M,ALPHA,40,BTCUSDT,,,,,,ENGINE_LOG,SKIP,,0.5,engine_log:ACE_DUO_CLEAN_V4_15M_LIVE_COLOR.log;tension=2.3465156
16:07:43,ACE_DUO_CLEAN_V4_15M,ALPHA,41,BTCUSDT,,,,,,ENGINE_LOG,SKIP,,0.5,engine_log:ACE_DUO_CLEAN_V4_15M_LIVE_COLOR.log;tension=1.71725155
16:07:49,ACE_DUO_CLEAN_V4_15M,ALPHA,42,BTCUSDT,,,,,,ENGINE_LOG,SKIP,,,engine_log:ACE_DUO_CLEAN_V4_15M_LIVE_COLOR.log;tension=0.0
16:07:54,ACE_DUO_CLEAN_V4_15M,ALPHA,43,BTCUSDT,,,,,,ENGINE_LOG,SKIP,,,engine_log:ACE_DUO_CLEAN_V4_15M_LIVE_COLOR.log;tension=0.0
16:08:03,ACE_DUO_CLEAN_V4_15M,ALPHA,44,BTCUSDT,,,,,,ENGINE_LOG,SKIP,,0.5,engine_log:ACE_DUO_CLEAN_V4_15M_LIVE_COLOR.log;tension=0.68693006
16:08:12,ACE_DUO_CLEAN_V4_15M,ALPHA,45,BTCUSDT,,,,,,ENGINE_LOG,SKIP,,0.5,engine_log:ACE_DUO_CLEAN_V4_15M_LIVE_COLOR.log;tension=1.59909315
16:08:13,ACE_DUO_CLEAN_V4_15M,BETA,30,BTCUSDT,,,,,,ENGINE_LOG,SKIP,,,engine_log:ACE_DUO_CLEAN_V4_15M_LIVE_COLOR.log;tension=0.0
16:08:25,ACE_DUO_CLEAN_V4_15M,ALPHA,46,BTCUSDT,,,,,,ENGINE_LOG,SKIP,,0.5,engine_log:ACE_DUO_CLEAN_V4_15M_LIVE_COLOR.log;tension=3.29260067
16:08:26,ACE_DUO_CLEAN_V4_15M,BETA,31,BTCUSDT,,,,,,ENGINE_LOG,SKIP,,0.5,engine_log:ACE_DUO_CLEAN_V4_15M_LIVE_COLOR.log;tension=0.70495414
16:08:32,ACE_DUO_CLEAN_V4_15M,BETA,32,BTCUSDT,,,,,,ENGINE_LOG,SKIP,,,engine_log:ACE_DUO_CLEAN_V4_15M_LIVE_COLOR.log;tension=0.0
16:08:32,ACE_DUO_CLEAN_V4_15M,ALPHA,47,BTCUSDT,,,,,,ENGINE_LOG,SKIP,,,engine_log:ACE_DUO_CLEAN_V4_15M_LIVE_COLOR.log;tension=0.0
16:08:37,ACE_DUO_CLEAN_V4_15M,BETA,33,BTCUSDT,,,,,,ENGINE_LOG,SKIP,,,engine_log:ACE_DUO_CLEAN_V4_15M_LIVE_COLOR.log;tension=0.0
16:08:37,ACE_DUO_CLEAN_V4_15M,ALPHA,48,BTCUSDT,,,,,,ENGINE_LOG,SKIP,,,engine_log:ACE_DUO_CLEAN_V4_15M_LIVE_COLOR.log;tension=0.0
16:08:45,ACE_DUO_CLEAN_V4_15M,ALPHA,49,BTCUSDT,,,,,,ENGINE_LOG,SKIP,,0.5,engine_log:ACE_DUO_CLEAN_V4_15M_LIVE_COLOR.log;tension=6.26790143
16:08:47,ACE_DUO_CLEAN_V4_15M,BETA,34,BTCUSDT,,,,,,ENGINE_LOG,SKIP,,,engine_log:ACE_DUO_CLEAN_V4_15M_LIVE_COLOR.log;tension=0.0
16:08:51,ACE_DUO_CLEAN_V4_15M,ALPHA,50,BTCUSDT,,,,,,ENGINE_LOG,SKIP,,,engine_log:ACE_DUO_CLEAN_V4_15M_LIVE_COLOR.log;tension=0.0
16:08:52,ACE_DUO_CLEAN_V4_15M,BETA,35,BTCUSDT,,,,,,ENGINE_LOG,SKIP,,,engine_log:ACE_DUO_CLEAN_V4_15M_LIVE_COLOR.log;tension=0.00059026
16:08:56,ACE_DUO_CLEAN_V4_15M,ALPHA,51,BTCUSDT,,,,,,ENGINE_LOG,SKIP,,,engine_log:ACE_DUO_CLEAN_V4_15M_LIVE_COLOR.log;tension=0.03620398
16:08:59,ACE_DUO_CLEAN_V4_15M,BETA,36,BTCUSDT,,,,,,ENGINE_LOG,SKIP,,0.5,engine_log:ACE_DUO_CLEAN_V4_15M_LIVE_COLOR.log;tension=1.21185648
16:09:01,ACE_DUO_CLEAN_V4_15M,ALPHA,52,BTCUSDT,,,,,,ENGINE_LOG,SKIP,,,engine_log:ACE_DUO_CLEAN_V4_15M_LIVE_COLOR.log;tension=0.0
16:09:05,ACE_DUO_CLEAN_V4_15M,BETA,37,BTCUSDT,,,,,,ENGINE_LOG,SKIP,,,engine_log:ACE_DUO_CLEAN_V4_15M_LIVE_COLOR.log;tension=0.0
16:09:07,ACE_DUO_CLEAN_V4_15M,ALPHA,53,BTCUSDT,,,,,,ENGINE_LOG,SKIP,,,engine_log:ACE_DUO_CLEAN_V4_15M_LIVE_COLOR.log;tension=0.0
16:09:13,ACE_DUO_CLEAN_V4_15M,BETA,38,BTCUSDT,,,,,,ENGINE_LOG,SKIP,,0.3225,engine_log:ACE_DUO_CLEAN_V4_15M_LIVE_COLOR.log;tension=0.3870499
16:09:15,ACE_DUO_CLEAN_V4_15M,ALPHA,54,BTCUSDT,,,,,,ENGINE_LOG,SKIP,,0.3405,engine_log:ACE_DUO_CLEAN_V4_15M_LIVE_COLOR.log;tension=0.40861051
16:09:23,ACE_DUO_CLEAN_V4_15M,ALPHA,55,BTCUSDT,,,,,,ENGINE_LOG,SKIP,,,engine_log:ACE_DUO_CLEAN_V4_15M_LIVE_COLOR.log;tension=0.0
16:09:28,ACE_DUO_CLEAN_V4_15M,BETA,39,BTCUSDT,,,,,,ENGINE_LOG,SKIP,,0.5,engine_log:ACE_DUO_CLEAN_V4_15M_LIVE_COLOR.log;tension=8.0949104
16:09:28,ACE_DUO_CLEAN_V4_15M,ALPHA,56,BTCUSDT,,,,,,ENGINE_LOG,SKIP,,,engine_log:ACE_DUO_CLEAN_V4_15M_LIVE_COLOR.log;tension=0.0
16:09:36,ACE_DUO_CLEAN_V4_15M,BETA,40,BTCUSDT,,,,,,ENGINE_LOG,SKIP,,0.5,engine_log:ACE_DUO_CLEAN_V4_15M_LIVE_COLOR.log;tension=6.25408727
16:09:39,ACE_DUO_CLEAN_V4_15M,ALPHA,57,BTCUSDT,,,,,,ENGINE_LOG,SKIP,,,engine_log:ACE_DUO_CLEAN_V4_15M_LIVE_COLOR.log;tension=0.0
16:09:44,ACE_DUO_CLEAN_V4_15M,BETA,41,BTCUSDT,,,,,,ENGINE_LOG,SKIP,,,engine_log:ACE_DUO_CLEAN_V4_15M_LIVE_COLOR.log;tension=0.0
16:09:44,ACE_DUO_CLEAN_V4_15M,ALPHA,58,BTCUSDT,,,,,,ENGINE_LOG,SKIP,,,engine_log:ACE_DUO_CLEAN_V4_15M_LIVE_COLOR.log;tension=0.0
16:09:50,ACE_DUO_CLEAN_V4_15M,ALPHA,59,BTCUSDT,,,,,,ENGINE_LOG,SKIP,,,engine_log:ACE_DUO_CLEAN_V4_15M_LIVE_COLOR.log;tension=0.0
16:09:55,ACE_DUO_CLEAN_V4_15M,ALPHA,60,BTCUSDT,,,,,,ENGINE_LOG,SKIP,,,engine_log:ACE_DUO_CLEAN_V4_15M_LIVE_COLOR.log;tension=0.0
16:09:56,ACE_DUO_CLEAN_V4_15M,BETA,42,BTCUSDT,,,,,,ENGINE_LOG,SKIP,,0.1777,engine_log:ACE_DUO_CLEAN_V4_15M_LIVE_COLOR.log;tension=0.21325326
16:10:00,ACE_DUO_CLEAN_V4_15M,ALPHA,61,BTCUSDT,,,,,,ENGINE_LOG,SKIP,,,engine_log:ACE_DUO_CLEAN_V4_15M_LIVE_COLOR.log;tension=0.0
16:10:01,ACE_DUO_CLEAN_V4_15M,BETA,43,BTCUSDT,,,,,,ENGINE_LOG,SKIP,,,engine_log:ACE_DUO_CLEAN_V4_15M_LIVE_COLOR.log;tension=0.0
16:10:06,ACE_DUO_CLEAN_V4_15M,ALPHA,62,BTCUSDT,,,,,,ENGINE_LOG,SKIP,,,engine_log:ACE_DUO_CLEAN_V4_15M_LIVE_COLOR.log;tension=0.0
16:10:06,ACE_DUO_CLEAN_V4_15M,BETA,44,BTCUSDT,,,,,,ENGINE_LOG,SKIP,,,engine_log:ACE_DUO_CLEAN_V4_15M_LIVE_COLOR.log;tension=0.0
16:10:11,ACE_DUO_CLEAN_V4_15M,ALPHA,63,BTCUSDT,,,,,,ENGINE_LOG,SKIP,,,engine_log:ACE_DUO_CLEAN_V4_15M_LIVE_COLOR.log;tension=0.0
16:10:12,ACE_DUO_CLEAN_V4_15M,BETA,45,BTCUSDT,,,,,,ENGINE_LOG,SKIP,,,engine_log:ACE_DUO_CLEAN_V4_15M_LIVE_COLOR.log;tension=0.0
16:10:16,ACE_DUO_CLEAN_V4_15M,ALPHA,64,BTCUSDT,,,,,,ENGINE_LOG,SKIP,,,engine_log:ACE_DUO_CLEAN_V4_15M_LIVE_COLOR.log;tension=1.992e-05
16:10:17,ACE_DUO_CLEAN_V4_15M,BETA,46,BTCUSDT,,,,,,ENGINE_LOG,SKIP,,,engine_log:ACE_DUO_CLEAN_V4_15M_LIVE_COLOR.log;tension=0.0
16:10:22,ACE_DUO_CLEAN_V4_15M,BETA,47,BTCUSDT,,,,,,ENGINE_LOG,SKIP,,,engine_log:ACE_DUO_CLEAN_V4_15M_LIVE_COLOR.log;tension=0.00083839
16:10:22,ACE_DUO_CLEAN_V4_15M,ALPHA,65,BTCUSDT,,,,,,ENGINE_LOG,SKIP,,,engine_log:ACE_DUO_CLEAN_V4_15M_LIVE_COLOR.log;tension=0.00084353
16:10:28,ACE_DUO_CLEAN_V4_15M,BETA,48,BTCUSDT,,,,,,ENGINE_LOG,SKIP,,,engine_log:ACE_DUO_CLEAN_V4_15M_LIVE_COLOR.log;tension=0.00191884
16:10:28,ACE_DUO_CLEAN_V4_15M,ALPHA,66,BTCUSDT,,,,,,ENGINE_LOG,SKIP,,,engine_log:ACE_DUO_CLEAN_V4_15M_LIVE_COLOR.log;tension=0.00191884
16:10:34,ACE_DUO_CLEAN_V4_15M,ALPHA,67,BTCUSDT,,,,,,ENGINE_LOG,SKIP,,,engine_log:ACE_DUO_CLEAN_V4_15M_LIVE_COLOR.log;tension=0.0
16:10:35,ACE_DUO_CLEAN_V4_15M,BETA,49,BTCUSDT,,,,,,ENGINE_LOG,SKIP,,,engine_log:ACE_DUO_CLEAN_V4_15M_LIVE_COLOR.log;tension=0.00200747
16:10:40,ACE_DUO_CLEAN_V4_15M,ALPHA,68,BTCUSDT,,,,,,ENGINE_LOG,SKIP,,,engine_log:ACE_DUO_CLEAN_V4_15M_LIVE_COLOR.log;tension=0.0
16:10:41,ACE_DUO_CLEAN_V4_15M,BETA,50,BTCUSDT,,,,,,ENGINE_LOG,SKIP,,,engine_log:ACE_DUO_CLEAN_V4_15M_LIVE_COLOR.log;tension=2.492e-05
16:10:46,ACE_DUO_CLEAN_V4_15M,ALPHA,69,BTCUSDT,,,,,,ENGINE_LOG,SKIP,,,engine_log:ACE_DUO_CLEAN_V4_15M_LIVE_COLOR.log;tension=0.0
16:10:46,ACE_DUO_CLEAN_V4_15M,BETA,51,BTCUSDT,,,,,,ENGINE_LOG,SKIP,,,engine_log:ACE_DUO_CLEAN_V4_15M_LIVE_COLOR.log;tension=0.0
16:10:52,ACE_DUO_CLEAN_V4_15M,BETA,52,BTCUSDT,,,,,,ENGINE_LOG,SKIP,,,engine_log:ACE_DUO_CLEAN_V4_15M_LIVE_COLOR.log;tension=0.0
16:10:52,ACE_DUO_CLEAN_V4_15M,ALPHA,70,BTCUSDT,,,,,,ENGINE_LOG,SKIP,,,engine_log:ACE_DUO_CLEAN_V4_15M_LIVE_COLOR.log;tension=0.00040211
16:10:58,ACE_DUO_CLEAN_V4_15M,ALPHA,71,BTCUSDT,,,,,,ENGINE_LOG,SKIP,,,engine_log:ACE_DUO_CLEAN_V4_15M_LIVE_COLOR.log;tension=0.02464721
16:10:58,ACE_DUO_CLEAN_V4_15M,BETA,53,BTCUSDT,,,,,,ENGINE_LOG,SKIP,,,engine_log:ACE_DUO_CLEAN_V4_15M_LIVE_COLOR.log;tension=0.02464721
16:11:06,ACE_DUO_CLEAN_V4_15M,ALPHA,72,BTCUSDT,,,,,,ENGINE_LOG,SKIP,,0.466,engine_log:ACE_DUO_CLEAN_V4_15M_LIVE_COLOR.log;tension=0.55914182
16:11:06,ACE_DUO_CLEAN_V4_15M,BETA,54,BTCUSDT,,,,,,ENGINE_LOG,SKIP,,0.237,engine_log:ACE_DUO_CLEAN_V4_15M_LIVE_COLOR.log;tension=0.2843786
16:11:15,ACE_DUO_CLEAN_V4_15M,BETA,55,BTCUSDT,,,,,,ENGINE_LOG,SKIP,,0.0547,engine_log:ACE_DUO_CLEAN_V4_15M_LIVE_COLOR.log;tension=0.06562244
16:11:15,ACE_DUO_CLEAN_V4_15M,ALPHA,73,BTCUSDT,,,,,,ENGINE_LOG,SKIP,,0.0547,engine_log:ACE_DUO_CLEAN_V4_15M_LIVE_COLOR.log;tension=0.06566254
16:11:20,ACE_DUO_CLEAN_V4_15M,BETA,56,BTCUSDT,,,,,,ENGINE_LOG,SKIP,,,engine_log:ACE_DUO_CLEAN_V4_15M_LIVE_COLOR.log;tension=0.0
16:11:23,ACE_DUO_CLEAN_V4_15M,ALPHA,74,BTCUSDT,,,,,,ENGINE_LOG,SKIP,,,engine_log:ACE_DUO_CLEAN_V4_15M_LIVE_COLOR.log;tension=0.28870783
16:11:26,ACE_DUO_CLEAN_V4_15M,BETA,57,BTCUSDT,,,,,,ENGINE_LOG,SKIP,,,engine_log:ACE_DUO_CLEAN_V4_15M_LIVE_COLOR.log;tension=0.0
16:11:31,ACE_DUO_CLEAN_V4_15M,ALPHA,75,BTCUSDT,,,,,,ENGINE_LOG,SKIP,,0.3136,engine_log:ACE_DUO_CLEAN_V4_15M_LIVE_COLOR.log;tension=0.37637026
16:11:31,ACE_DUO_CLEAN_V4_15M,BETA,58,BTCUSDT,,,,,,ENGINE_LOG,SKIP,,,engine_log:ACE_DUO_CLEAN_V4_15M_LIVE_COLOR.log;tension=0.01778955
16:11:37,ACE_DUO_CLEAN_V4_15M,BETA,59,BTCUSDT,,,,,,ENGINE_LOG,SKIP,,,engine_log:ACE_DUO_CLEAN_V4_15M_LIVE_COLOR.log;tension=0.03693312
16:11:37,ACE_DUO_CLEAN_V4_15M,ALPHA,76,BTCUSDT,,,,,,ENGINE_LOG,SKIP,,,engine_log:ACE_DUO_CLEAN_V4_15M_LIVE_COLOR.log;tension=0.03693312
16:11:45,ACE_DUO_CLEAN_V4_15M,BETA,60,BTCUSDT,,,,,,ENGINE_LOG,SKIP,,0.0504,engine_log:ACE_DUO_CLEAN_V4_15M_LIVE_COLOR.log;tension=0.0604328
16:11:45,ACE_DUO_CLEAN_V4_15M,ALPHA,77,BTCUSDT,,,,,,ENGINE_LOG,SKIP,,0.2744,engine_log:ACE_DUO_CLEAN_V4_15M_LIVE_COLOR.log;tension=0.32924892
16:11:53,ACE_DUO_CLEAN_V4_15M,BETA,61,BTCUSDT,,,,,,ENGINE_LOG,SKIP,,0.5,engine_log:ACE_DUO_CLEAN_V4_15M_LIVE_COLOR.log;tension=2.67677796
16:11:53,ACE_DUO_CLEAN_V4_15M,ALPHA,78,BTCUSDT,,,,,,ENGINE_LOG,SKIP,,0.4953,engine_log:ACE_DUO_CLEAN_V4_15M_LIVE_COLOR.log;tension=0.59437323
16:12:00,ACE_DUO_CLEAN_V4_15M,ALPHA,79,BTCUSDT,,,,,,ENGINE_LOG,SKIP,,,engine_log:ACE_DUO_CLEAN_V4_15M_LIVE_COLOR.log;tension=0.0
16:12:03,ACE_DUO_CLEAN_V4_15M,BETA,62,BTCUSDT,,,,,,ENGINE_LOG,SKIP,,,engine_log:ACE_DUO_CLEAN_V4_15M_LIVE_COLOR.log;tension=0.00047294
16:12:07,ACE_DUO_CLEAN_V4_15M,ALPHA,80,BTCUSDT,,,,,,ENGINE_LOG,SKIP,,,engine_log:ACE_DUO_CLEAN_V4_15M_LIVE_COLOR.log;tension=0.25485305
16:12:13,ACE_DUO_CLEAN_V4_15M,ALPHA,81,BTCUSDT,,,,,,ENGINE_LOG,SKIP,,,engine_log:ACE_DUO_CLEAN_V4_15M_LIVE_COLOR.log;tension=0.0
16:12:15,ACE_DUO_CLEAN_V4_15M,BETA,63,BTCUSDT,,,,,,ENGINE_LOG,SKIP,,,engine_log:ACE_DUO_CLEAN_V4_15M_LIVE_COLOR.log;tension=0.00041252
16:12:18,ACE_DUO_CLEAN_V4_15M,ALPHA,82,BTCUSDT,,,,,,ENGINE_LOG,SKIP,,,engine_log:ACE_DUO_CLEAN_V4_15M_LIVE_COLOR.log;tension=0.0
16:12:20,ACE_DUO_CLEAN_V4_15M,BETA,64,BTCUSDT,,,,,,ENGINE_LOG,SKIP,,,engine_log:ACE_DUO_CLEAN_V4_15M_LIVE_COLOR.log;tension=0.00801878
16:12:24,ACE_DUO_CLEAN_V4_15M,ALPHA,83,BTCUSDT,,,,,,ENGINE_LOG,SKIP,,,engine_log:ACE_DUO_CLEAN_V4_15M_LIVE_COLOR.log;tension=0.0
16:12:27,ACE_DUO_CLEAN_V4_15M,BETA,65,BTCUSDT,,,,,,ENGINE_LOG,SKIP,,0.5,engine_log:ACE_DUO_CLEAN_V4_15M_LIVE_COLOR.log;tension=1.69684602
16:12:29,ACE_DUO_CLEAN_V4_15M,ALPHA,84,BTCUSDT,,,,,,ENGINE_LOG,SKIP,,,engine_log:ACE_DUO_CLEAN_V4_15M_LIVE_COLOR.log;tension=0.0
16:12:33,ACE_DUO_CLEAN_V4_15M,BETA,66,BTCUSDT,,,,,,ENGINE_LOG,SKIP,,,engine_log:ACE_DUO_CLEAN_V4_15M_LIVE_COLOR.log;tension=0.00106211
16:12:35,ACE_DUO_CLEAN_V4_15M,ALPHA,85,BTCUSDT,,,,,,ENGINE_LOG,SKIP,,,engine_log:ACE_DUO_CLEAN_V4_15M_LIVE_COLOR.log;tension=0.04912434
16:12:40,ACE_DUO_CLEAN_V4_15M,ALPHA,86,BTCUSDT,,,,,,ENGINE_LOG,SKIP,,,engine_log:ACE_DUO_CLEAN_V4_15M_LIVE_COLOR.log;tension=0.0
16:12:40,ACE_DUO_CLEAN_V4_15M,BETA,67,BTCUSDT,,,,,,ENGINE_LOG,SKIP,,0.0828,engine_log:ACE_DUO_CLEAN_V4_15M_LIVE_COLOR.log;tension=0.09934423
16:12:46,ACE_DUO_CLEAN_V4_15M,BETA,68,BTCUSDT,,,,,,ENGINE_LOG,SKIP,,,engine_log:ACE_DUO_CLEAN_V4_15M_LIVE_COLOR.log;tension=0.01450668
16:12:46,ACE_DUO_CLEAN_V4_15M,ALPHA,87,BTCUSDT,,,,,,ENGINE_LOG,SKIP,,,engine_log:ACE_DUO_CLEAN_V4_15M_LIVE_COLOR.log;tension=0.01450668
16:12:53,ACE_DUO_CLEAN_V4_15M,BETA,69,BTCUSDT,,,,,,ENGINE_LOG,SKIP,,0.0572,engine_log:ACE_DUO_CLEAN_V4_15M_LIVE_COLOR.log;tension=0.06869532
16:12:54,ACE_DUO_CLEAN_V4_15M,ALPHA,88,BTCUSDT,,,,,,ENGINE_LOG,SKIP,,0.0572,engine_log:ACE_DUO_CLEAN_V4_15M_LIVE_COLOR.log;tension=0.0686705
16:12:58,ACE_DUO_CLEAN_V4_15M,BETA,70,BTCUSDT,,,,,,ENGINE_LOG,SKIP,,,engine_log:ACE_DUO_CLEAN_V4_15M_LIVE_COLOR.log;tension=0.00021958
16:13:01,ACE_DUO_CLEAN_V4_15M,ALPHA,89,BTCUSDT,,,,,,ENGINE_LOG,SKIP,,,engine_log:ACE_DUO_CLEAN_V4_15M_LIVE_COLOR.log;tension=0.0
16:13:08,ACE_DUO_CLEAN_V4_15M,ALPHA,90,BTCUSDT,,,,,,ENGINE_LOG,SKIP,,,engine_log:ACE_DUO_CLEAN_V4_15M_LIVE_COLOR.log;tension=0.00165457
16:13:12,ACE_DUO_CLEAN_V4_15M,BETA,71,BTCUSDT,,,,,,ENGINE_LOG,SKIP,,0.255,engine_log:ACE_DUO_CLEAN_V4_15M_LIVE_COLOR.log;tension=0.15425121
16:13:13,ACE_DUO_CLEAN_V4_15M,ALPHA,91,BTCUSDT,,,,,,ENGINE_LOG,SKIP,,,engine_log:ACE_DUO_CLEAN_V4_15M_LIVE_COLOR.log;tension=0.00021591
16:13:17,ACE_DUO_CLEAN_V4_15M,BETA,72,BTCUSDT,,,,,,ENGINE_LOG,SKIP,,,engine_log:ACE_DUO_CLEAN_V4_15M_LIVE_COLOR.log;tension=0.00109528
16:13:21,ACE_DUO_CLEAN_V4_15M,ALPHA,92,BTCUSDT,,,,,,ENGINE_LOG,SKIP,,0.5,engine_log:ACE_DUO_CLEAN_V4_15M_LIVE_COLOR.log;tension=2.11084859
16:13:26,ACE_DUO_CLEAN_V4_15M,BETA,73,BTCUSDT,,,,,,ENGINE_LOG,SKIP,,0.5,engine_log:ACE_DUO_CLEAN_V4_15M_LIVE_COLOR.log;tension=1.08039676
16:13:29,ACE_DUO_CLEAN_V4_15M,ALPHA,93,BTCUSDT,,,,,,ENGINE_LOG,SKIP,,0.0835,engine_log:ACE_DUO_CLEAN_V4_15M_LIVE_COLOR.log;tension=0.10014342
16:13:33,ACE_DUO_CLEAN_V4_15M,BETA,74,BTCUSDT,,,,,,ENGINE_LOG,SKIP,,0.3505,engine_log:ACE_DUO_CLEAN_V4_15M_LIVE_COLOR.log;tension=0.42056352
16:13:35,ACE_DUO_CLEAN_V4_15M,ALPHA,94,BTCUSDT,,,,,,ENGINE_LOG,SKIP,,,engine_log:ACE_DUO_CLEAN_V4_15M_LIVE_COLOR.log;tension=0.0
16:13:40,ACE_DUO_CLEAN_V4_15M,ALPHA,95,BTCUSDT,,,,,,ENGINE_LOG,SKIP,,,engine_log:ACE_DUO_CLEAN_V4_15M_LIVE_COLOR.log;tension=0.00034232
16:13:41,ACE_DUO_CLEAN_V4_15M,BETA,75,BTCUSDT,,,,,,ENGINE_LOG,SKIP,,0.5,engine_log:ACE_DUO_CLEAN_V4_15M_LIVE_COLOR.log;tension=0.77118192
16:13:46,ACE_DUO_CLEAN_V4_15M,ALPHA,96,BTCUSDT,,,,,,ENGINE_LOG,SKIP,,,engine_log:ACE_DUO_CLEAN_V4_15M_LIVE_COLOR.log;tension=0.00732527
16:13:52,ACE_DUO_CLEAN_V4_15M,ALPHA,97,BTCUSDT,,,,,,ENGINE_LOG,SKIP,,,engine_log:ACE_DUO_CLEAN_V4_15M_LIVE_COLOR.log;tension=0.0
16:13:56,ACE_DUO_CLEAN_V4_15M,BETA,76,BTCUSDT,,,,,,ENGINE_LOG,SKIP,,0.5,engine_log:ACE_DUO_CLEAN_V4_15M_LIVE_COLOR.log;tension=1.80645668
16:13:58,ACE_DUO_CLEAN_V4_15M,ALPHA,98,BTCUSDT,,,,,,ENGINE_LOG,SKIP,,,engine_log:ACE_DUO_CLEAN_V4_15M_LIVE_COLOR.log;tension=0.00045961
16:14:01,ACE_DUO_CLEAN_V4_15M,BETA,77,BTCUSDT,,,,,,ENGINE_LOG,SKIP,,,engine_log:ACE_DUO_CLEAN_V4_15M_LIVE_COLOR.log;tension=0.0
16:14:06,ACE_DUO_CLEAN_V4_15M,ALPHA,99,BTCUSDT,,,,,,ENGINE_LOG,SKIP,,0.5,engine_log:ACE_DUO_CLEAN_V4_15M_LIVE_COLOR.log;tension=1.93361401
16:14:06,ACE_DUO_CLEAN_V4_15M,BETA,78,BTCUSDT,,,,,,ENGINE_LOG,SKIP,,,engine_log:ACE_DUO_CLEAN_V4_15M_LIVE_COLOR.log;tension=0.01666584
16:14:14,ACE_DUO_CLEAN_V4_15M,ALPHA,100,BTCUSDT,,,,,,ENGINE_LOG,SKIP,,0.5,engine_log:ACE_DUO_CLEAN_V4_15M_LIVE_COLOR.log;tension=2.98397026
16:14:15,ACE_DUO_CLEAN_V4_15M,BETA,79,BTCUSDT,,,,,,ENGINE_LOG,SKIP,,0.5,engine_log:ACE_DUO_CLEAN_V4_15M_LIVE_COLOR.log;tension=3.73702239
16:14:19,ACE_DUO_CLEAN_V4_15M,ALPHA,101,BTCUSDT,,,,,,ENGINE_LOG,SKIP,,,engine_log:ACE_DUO_CLEAN_V4_15M_LIVE_COLOR.log;tension=0.00575251
16:14:20,ACE_DUO_CLEAN_V4_15M,BETA,80,BTCUSDT,,,,,,ENGINE_LOG,SKIP,,,engine_log:ACE_DUO_CLEAN_V4_15M_LIVE_COLOR.log;tension=0.00575251
16:14:28,ACE_DUO_CLEAN_V4_15M,ALPHA,102,BTCUSDT,,,,,,ENGINE_LOG,SKIP,,0.5,engine_log:ACE_DUO_CLEAN_V4_15M_LIVE_COLOR.log;tension=1.94556253
16:14:28,ACE_DUO_CLEAN_V4_15M,BETA,81,BTCUSDT,,,,,,ENGINE_LOG,SKIP,,0.5,engine_log:ACE_DUO_CLEAN_V4_15M_LIVE_COLOR.log;tension=1.94556253
16:14:38,ACE_DUO_CLEAN_V4_15M,BETA,82,BTCUSDT,,,,,,ENGINE_LOG,SKIP,,0.5,engine_log:ACE_DUO_CLEAN_V4_15M_LIVE_COLOR.log;tension=2.3899971
16:14:38,ACE_DUO_CLEAN_V4_15M,ALPHA,103,BTCUSDT,,,,,,ENGINE_LOG,SKIP,,0.5,engine_log:ACE_DUO_CLEAN_V4_15M_LIVE_COLOR.log;tension=2.3899971
16:14:45,ACE_DUO_CLEAN_V4_15M,BETA,83,BTCUSDT,,,,,,ENGINE_LOG,SKIP,,0.5,engine_log:ACE_DUO_CLEAN_V4_15M_LIVE_COLOR.log;tension=1.01239214
16:14:46,ACE_DUO_CLEAN_V4_15M,ALPHA,104,BTCUSDT,,,,,,ENGINE_LOG,SKIP,,0.5,engine_log:ACE_DUO_CLEAN_V4_15M_LIVE_COLOR.log;tension=2.10469368
16:14:51,ACE_DUO_CLEAN_V4_15M,BETA,84,BTCUSDT,,,,,,ENGINE_LOG,SKIP,,,engine_log:ACE_DUO_CLEAN_V4_15M_LIVE_COLOR.log;tension=3.103e-05
16:14:54,ACE_DUO_CLEAN_V4_15M,ALPHA,105,BTCUSDT,,,,,,ENGINE_LOG,SKIP,,0.5,engine_log:ACE_DUO_CLEAN_V4_15M_LIVE_COLOR.log;tension=0.69096949
16:14:58,ACE_DUO_CLEAN_V4_15M,BETA,85,BTCUSDT,,,,,,ENGINE_LOG,SKIP,,,engine_log:ACE_DUO_CLEAN_V4_15M_LIVE_COLOR.log;tension=0.73381713
16:14:59,ACE_DUO_CLEAN_V4_15M,ALPHA,106,BTCUSDT,,,,,,ENGINE_LOG,SKIP,,,engine_log:ACE_DUO_CLEAN_V4_15M_LIVE_COLOR.log;tension=1.099e-05
16:15:04,ACE_DUO_CLEAN_V4_15M,BETA,86,BTCUSDT,,,,,,ENGINE_LOG,SKIP,,,engine_log:ACE_DUO_CLEAN_V4_15M_LIVE_COLOR.log;tension=1.099e-05
16:15:05,ACE_DUO_CLEAN_V4_15M,ALPHA,107,BTCUSDT,,,,,,ENGINE_LOG,SKIP,,,engine_log:ACE_DUO_CLEAN_V4_15M_LIVE_COLOR.log;tension=0.00198398
16:15:09,ACE_DUO_CLEAN_V4_15M,BETA,87,BTCUSDT,,,,,,ENGINE_LOG,SKIP,,,engine_log:ACE_DUO_CLEAN_V4_15M_LIVE_COLOR.log;tension=0.00014531
16:15:11,ACE_DUO_CLEAN_V4_15M,ALPHA,108,BTCUSDT,,,,,,ENGINE_LOG,SKIP,,,engine_log:ACE_DUO_CLEAN_V4_15M_LIVE_COLOR.log;tension=0.00364025
16:15:14,ACE_DUO_CLEAN_V4_15M,BETA,88,BTCUSDT,,,,,,ENGINE_LOG,SKIP,,,engine_log:ACE_DUO_CLEAN_V4_15M_LIVE_COLOR.log;tension=0.00034772
16:15:16,ACE_DUO_CLEAN_V4_15M,ALPHA,109,BTCUSDT,,,,,,ENGINE_LOG,SKIP,,,engine_log:ACE_DUO_CLEAN_V4_15M_LIVE_COLOR.log;tension=7.572e-05
16:15:19,ACE_DUO_CLEAN_V4_15M,BETA,89,BTCUSDT,,,,,,ENGINE_LOG,SKIP,,,engine_log:ACE_DUO_CLEAN_V4_15M_LIVE_COLOR.log;tension=6.351e-05
16:15:24,ACE_DUO_CLEAN_V4_15M,ALPHA,110,BTCUSDT,,,,,,ENGINE_LOG,SKIP,,0.1487,engine_log:ACE_DUO_CLEAN_V4_15M_LIVE_COLOR.log;tension=0.1784166
16:15:27,ACE_DUO_CLEAN_V4_15M,BETA,90,BTCUSDT,,,,,,ENGINE_LOG,SKIP,,0.5,engine_log:ACE_DUO_CLEAN_V4_15M_LIVE_COLOR.log;tension=2.34541913
16:15:31,ACE_DUO_CLEAN_V4_15M,ALPHA,111,BTCUSDT,,,,,,ENGINE_LOG,SKIP,,,engine_log:ACE_DUO_CLEAN_V4_15M_LIVE_COLOR.log;tension=0.00675508
16:15:33,ACE_DUO_CLEAN_V4_15M,BETA,91,BTCUSDT,,,,,,ENGINE_LOG,SKIP,,,engine_log:ACE_DUO_CLEAN_V4_15M_LIVE_COLOR.log;tension=0.0
16:15:37,ACE_DUO_CLEAN_V4_15M,ALPHA,112,BTCUSDT,,,,,,ENGINE_LOG,SKIP,,,engine_log:ACE_DUO_CLEAN_V4_15M_LIVE_COLOR.log;tension=0.0
16:15:38,ACE_DUO_CLEAN_V4_15M,BETA,92,BTCUSDT,,,,,,ENGINE_LOG,SKIP,,,engine_log:ACE_DUO_CLEAN_V4_15M_LIVE_COLOR.log;tension=0.00556669
16:15:43,ACE_DUO_CLEAN_V4_15M,BETA,93,BTCUSDT,,,,,,ENGINE_LOG,SKIP,,,engine_log:ACE_DUO_CLEAN_V4_15M_LIVE_COLOR.log;tension=0.0
16:15:45,ACE_DUO_CLEAN_V4_15M,ALPHA,113,BTCUSDT,,,,,,ENGINE_LOG,SKIP,,,engine_log:ACE_DUO_CLEAN_V4_15M_LIVE_COLOR.log;tension=0.30471306
16:15:48,ACE_DUO_CLEAN_V4_15M,BETA,94,BTCUSDT,,,,,,ENGINE_LOG,SKIP,,,engine_log:ACE_DUO_CLEAN_V4_15M_LIVE_COLOR.log;tension=0.0
16:15:50,ACE_DUO_CLEAN_V4_15M,ALPHA,114,BTCUSDT,,,,,,ENGINE_LOG,SKIP,,,engine_log:ACE_DUO_CLEAN_V4_15M_LIVE_COLOR.log;tension=0.0
16:15:54,ACE_DUO_CLEAN_V4_15M,BETA,95,BTCUSDT,,,,,,ENGINE_LOG,SKIP,,,engine_log:ACE_DUO_CLEAN_V4_15M_LIVE_COLOR.log;tension=0.0
16:15:58,ACE_DUO_CLEAN_V4_15M,ALPHA,115,BTCUSDT,,,,,,ENGINE_LOG,SKIP,,0.5,engine_log:ACE_DUO_CLEAN_V4_15M_LIVE_COLOR.log;tension=2.65080342
16:16:02,ACE_DUO_CLEAN_V4_15M,BETA,96,BTCUSDT,,,,,,ENGINE_LOG,SKIP,,0.5,engine_log:ACE_DUO_CLEAN_V4_15M_LIVE_COLOR.log;tension=1.00927862
16:16:06,ACE_DUO_CLEAN_V4_15M,ALPHA,116,BTCUSDT,,,,,,ENGINE_LOG,SKIP,,0.2649,engine_log:ACE_DUO_CLEAN_V4_15M_LIVE_COLOR.log;tension=0.31791219
16:16:09,ACE_DUO_CLEAN_V4_15M,BETA,97,BTCUSDT,,,,,,ENGINE_LOG,SKIP,,0.5,engine_log:ACE_DUO_CLEAN_V4_15M_LIVE_COLOR.log;tension=1.10489506
16:16:14,ACE_DUO_CLEAN_V4_15M,ALPHA,117,BTCUSDT,,,,,,ENGINE_LOG,SKIP,,0.5,engine_log:ACE_DUO_CLEAN_V4_15M_LIVE_COLOR.log;tension=0.84409811
16:16:17,ACE_DUO_CLEAN_V4_15M,BETA,98,BTCUSDT,,,,,,ENGINE_LOG,SKIP,,0.1271,engine_log:ACE_DUO_CLEAN_V4_15M_LIVE_COLOR.log;tension=0.15257505
16:16:19,ACE_DUO_CLEAN_V4_15M,ALPHA,118,BTCUSDT,,,,,,ENGINE_LOG,SKIP,,,engine_log:ACE_DUO_CLEAN_V4_15M_LIVE_COLOR.log;tension=0.00010536
16:16:22,ACE_DUO_CLEAN_V4_15M,BETA,99,BTCUSDT,,,,,,ENGINE_LOG,SKIP,,,engine_log:ACE_DUO_CLEAN_V4_15M_LIVE_COLOR.log;tension=0.0
16:16:25,ACE_DUO_CLEAN_V4_15M,ALPHA,119,BTCUSDT,,,,,,ENGINE_LOG,SKIP,,,engine_log:ACE_DUO_CLEAN_V4_15M_LIVE_COLOR.log;tension=0.00067357
16:16:30,ACE_DUO_CLEAN_V4_15M,ALPHA,120,BTCUSDT,,,,,,ENGINE_LOG,SKIP,,,engine_log:ACE_DUO_CLEAN_V4_15M_LIVE_COLOR.log;tension=2.458e-05
16:16:31,ACE_DUO_CLEAN_V4_15M,BETA,100,BTCUSDT,,,,,,ENGINE_LOG,SKIP,,0.5,engine_log:ACE_DUO_CLEAN_V4_15M_LIVE_COLOR.log;tension=2.4828129
16:16:36,ACE_DUO_CLEAN_V4_15M,BETA,101,BTCUSDT,,,,,,ENGINE_LOG,SKIP,,,engine_log:ACE_DUO_CLEAN_V4_15M_LIVE_COLOR.log;tension=0.0
16:16:39,ACE_DUO_CLEAN_V4_15M,ALPHA,121,BTCUSDT,,,,,,ENGINE_LOG,SKIP,,0.5,engine_log:ACE_DUO_CLEAN_V4_15M_LIVE_COLOR.log;tension=2.78181621
16:16:43,ACE_DUO_CLEAN_V4_15M,BETA,102,BTCUSDT,,,,,,ENGINE_LOG,SKIP,,0.5,engine_log:ACE_DUO_CLEAN_V4_15M_LIVE_COLOR.log;tension=1.10124976
16:16:45,ACE_DUO_CLEAN_V4_15M,ALPHA,122,BTCUSDT,,,,,,ENGINE_LOG,SKIP,,,engine_log:ACE_DUO_CLEAN_V4_15M_LIVE_COLOR.log;tension=5.493e-05
16:16:52,ACE_DUO_CLEAN_V4_15M,BETA,103,BTCUSDT,,,,,,ENGINE_LOG,SKIP,,0.1237,engine_log:ACE_DUO_CLEAN_V4_15M_LIVE_COLOR.log;tension=0.14843764
16:16:58,ACE_DUO_CLEAN_V4_15M,ALPHA,123,BTCUSDT,,,,,,ENGINE_LOG,SKIP,,0.0608,engine_log:ACE_DUO_CLEAN_V4_15M_LIVE_COLOR.log;tension=0.07294428
16:17:00,ACE_DUO_CLEAN_V4_15M,BETA,104,BTCUSDT,,,,,,ENGINE_LOG,SKIP,,0.218,engine_log:ACE_DUO_CLEAN_V4_15M_LIVE_COLOR.log;tension=0.2616149
16:17:04,ACE_DUO_CLEAN_V4_15M,ALPHA,124,BTCUSDT,,,,,,ENGINE_LOG,SKIP,,,engine_log:ACE_DUO_CLEAN_V4_15M_LIVE_COLOR.log;tension=0.0
16:17:05,ACE_DUO_CLEAN_V4_15M,BETA,105,BTCUSDT,,,,,,ENGINE_LOG,SKIP,,,engine_log:ACE_DUO_CLEAN_V4_15M_LIVE_COLOR.log;tension=0.00052554
16:17:11,ACE_DUO_CLEAN_V4_15M,ALPHA,125,BTCUSDT,,,,,,ENGINE_LOG,SKIP,,,engine_log:ACE_DUO_CLEAN_V4_15M_LIVE_COLOR.log;tension=0.00960675
16:17:17,ACE_DUO_CLEAN_V4_15M,BETA,106,BTCUSDT,,,,,,ENGINE_LOG,SKIP,,,engine_log:ACE_DUO_CLEAN_V4_15M_LIVE_COLOR.log;tension=0.0
