ts,cycle,side,status,entryPrice,exitPrice,qty,bps,pnl,exitReason,holdSec,msg
2026-07-14T10:10:18Z,1,SKIP,SKIPPED,,,,,0,radar_block,reason=direction_unclear conf=0.0738 mom_sig=0.05092364 raw_mom_bps=2.04236308 spread_bps=2.08990000 tension=0.05092364 bid_drop=0.01334149 ask_drop=0.33100367 swarm=0
2026-07-14T10:10:27Z,2,SKIP,SKIPPED,,,,,0,duo_wait,reason=no_state mode=none
2026-07-14T10:10:36Z,3,SKIP,SKIPPED,,,,,0,radar_block,reason=momentum_too_small conf=0.3409 mom_sig=0.00000000 raw_mom_bps=0.00000000 spread_bps=0.41490000 tension=0.00000000 bid_drop=0.00000000 ask_drop=0.00000000 swarm=0
2026-07-14T10:10:44Z,4,SKIP,SKIPPED,,,,,0,radar_block,reason=momentum_too_small conf=0.0001 mom_sig=0.00004061 raw_mom_bps=0.00000000 spread_bps=0.41490000 tension=0.00004061 bid_drop=0.00026394 ask_drop=0.00007276 swarm=0
2026-07-14T10:10:53Z,5,SKIP,SKIPPED,,,,,0,radar_block,reason=momentum_too_small conf=0.0 mom_sig=0.00000348 raw_mom_bps=0.41487221 spread_bps=0.41490000 tension=0.00000348 bid_drop=0.00000000 ask_drop=0.00002264 swarm=0
2026-07-14T10:11:01Z,6,SKIP,SKIPPED,,,,,0,radar_block,reason=momentum_too_small conf=0.0 mom_sig=0.00002477 raw_mom_bps=0.00000000 spread_bps=0.73400000 tension=0.00002477 bid_drop=0.00000000 ask_drop=0.00016098 swarm=0
2026-07-14T10:11:09Z,7,SKIP,SKIPPED,,,,,0,radar_block,reason=momentum_too_small conf=0.0001 mom_sig=0.00006109 raw_mom_bps=0.00000000 spread_bps=1.02110000 tension=0.00006109 bid_drop=0.00039706 ask_drop=0.00003764 swarm=0
2026-07-14T10:11:18Z,8,SKIP,SKIPPED,,,,,0,radar_block,reason=momentum_too_small conf=0.3277 mom_sig=0.00000000 raw_mom_bps=0.00000000 spread_bps=1.02110000 tension=0.00000000 bid_drop=0.00000000 ask_drop=0.00000000 swarm=0
2026-07-14T10:11:27Z,9,SKIP,SKIPPED,,,,,0,radar_block,reason=momentum_too_small conf=0.0 mom_sig=0.00001454 raw_mom_bps=0.00000000 spread_bps=2.45670000 tension=0.00001454 bid_drop=0.00000000 ask_drop=0.00009453 swarm=0
2026-07-14T10:11:35Z,10,SKIP,SKIPPED,,,,,0,radar_block,reason=momentum_too_small conf=0.2963 mom_sig=0.00000000 raw_mom_bps=0.00000000 spread_bps=2.45670000 tension=0.00000000 bid_drop=0.00000000 ask_drop=0.00000000 swarm=0
2026-07-14T10:11:43Z,11,SKIP,SKIPPED,,,,,0,radar_block,reason=direction_unclear conf=0.0172 mom_sig=0.01219394 raw_mom_bps=0.00000000 spread_bps=2.45670000 tension=0.01219394 bid_drop=0.07926062 ask_drop=0.00000000 swarm=0
2026-07-14T10:11:52Z,12,SKIP,SKIPPED,,,,,0,radar_block,reason=momentum_too_small conf=0.0 mom_sig=0.00000347 raw_mom_bps=0.00000000 spread_bps=2.45670000 tension=0.00000347 bid_drop=0.00000000 ask_drop=0.00002253 swarm=0
2026-07-14T10:12:00Z,13,SKIP,SKIPPED,,,,,0,radar_block,reason=momentum_too_small conf=0.2963 mom_sig=0.00000000 raw_mom_bps=0.00000000 spread_bps=2.45670000 tension=0.00000000 bid_drop=0.00000000 ask_drop=0.00000000 swarm=0
2026-07-14T10:12:08Z,14,SKIP,SKIPPED,,,,,0,radar_block,reason=momentum_too_small conf=0.0004 mom_sig=0.00030691 raw_mom_bps=-2.45671633 spread_bps=2.45670000 tension=0.00030691 bid_drop=0.00000000 ask_drop=0.00199493 swarm=0
2026-07-14T10:12:16Z,15,SKIP,SKIPPED,,,,,0,radar_block,reason=momentum_too_small conf=0.0 mom_sig=0.00000308 raw_mom_bps=0.00000000 spread_bps=2.45670000 tension=0.00000308 bid_drop=0.00000000 ask_drop=0.00002002 swarm=0
2026-07-14T10:12:25Z,16,SKIP,SKIPPED,,,,,0,impulse_resonance_wait,reason=wall_not_collapsed tension=0.50393827 bid_drop=0.00000000 ask_drop=3.27559878
2026-07-14T10:12:33Z,17,SKIP,SKIPPED,,,,,0,impulse_resonance_wait,reason=wall_not_collapsed tension=0.55234779 bid_drop=0.00000000 ask_drop=3.59026064
2026-07-14T10:12:41Z,18,SKIP,SKIPPED,,,,,0,radar_block,reason=momentum_too_small conf=0.0075 mom_sig=0.00530551 raw_mom_bps=0.00000000 spread_bps=2.45670000 tension=0.00530551 bid_drop=0.00000000 ask_drop=0.03448582 swarm=0
2026-07-14T10:12:49Z,19,SKIP,SKIPPED,,,,,0,radar_block,reason=momentum_too_small conf=0.0001 mom_sig=0.00005528 raw_mom_bps=0.00000000 spread_bps=2.45670000 tension=0.00005528 bid_drop=0.00035930 ask_drop=0.00000000 swarm=0
2026-07-14T10:12:59Z,20,SKIP,SKIPPED,,,,,0,radar_block,reason=momentum_too_small conf=0.0 mom_sig=0.00001635 raw_mom_bps=0.00000000 spread_bps=2.45670000 tension=0.00001635 bid_drop=0.00010628 ask_drop=0.00000000 swarm=1
2026-07-14T10:13:08Z,21,SKIP,SKIPPED,,,,,0,radar_block,reason=momentum_too_small conf=0.0001 mom_sig=0.00006087 raw_mom_bps=0.00000000 spread_bps=2.45670000 tension=0.00006087 bid_drop=0.00000000 ask_drop=0.00039567 swarm=1
2026-07-14T10:13:16Z,22,SKIP,SKIPPED,,,,,0,duo_wait,reason=no_trigger mode=none
2026-07-14T10:13:25Z,23,SKIP,SKIPPED,,,,,0,radar_block,reason=momentum_too_small conf=0.2963 mom_sig=0.00000000 raw_mom_bps=0.00000000 spread_bps=2.45670000 tension=0.00000000 bid_drop=0.00000000 ask_drop=0.00000000 swarm=0
2026-07-14T10:13:34Z,24,SKIP,SKIPPED,,,,,0,radar_block,reason=direction_unclear conf=0.059 mom_sig=0.04181060 raw_mom_bps=0.00000000 spread_bps=2.45670000 tension=0.04181060 bid_drop=0.00000000 ask_drop=0.27176891 swarm=0
2026-07-14T10:13:43Z,25,SKIP,SKIPPED,,,,,0,radar_block,reason=momentum_too_small conf=0.2963 mom_sig=0.00000000 raw_mom_bps=0.00000000 spread_bps=2.45670000 tension=0.00000000 bid_drop=0.00000000 ask_drop=0.00000000 swarm=0
2026-07-14T10:13:51Z,26,SKIP,SKIPPED,,,,,0,radar_block,reason=momentum_too_small conf=0.0 mom_sig=0.00000507 raw_mom_bps=0.00000000 spread_bps=2.45670000 tension=0.00000507 bid_drop=0.00000000 ask_drop=0.00003294 swarm=0
2026-07-14T10:13:59Z,27,SKIP,SKIPPED,,,,,0,radar_block,reason=momentum_too_small conf=0.2963 mom_sig=0.00000000 raw_mom_bps=0.00000000 spread_bps=2.45670000 tension=0.00000000 bid_drop=0.00000000 ask_drop=0.00000000 swarm=0
2026-07-14T10:14:07Z,28,SKIP,SKIPPED,,,,,0,radar_block,reason=momentum_too_small conf=0.2963 mom_sig=0.00000000 raw_mom_bps=-2.45671633 spread_bps=2.45670000 tension=0.00000000 bid_drop=0.00000000 ask_drop=0.00000000 swarm=0
2026-07-14T10:14:16Z,29,SKIP,SKIPPED,,,,,0,impulse_resonance_wait,reason=wall_not_collapsed tension=0.73204092 bid_drop=0.00000000 ask_drop=4.75826596
2026-07-14T10:14:24Z,30,SKIP,SKIPPED,,,,,0,radar_block,reason=momentum_too_small conf=0.2963 mom_sig=0.00000000 raw_mom_bps=0.00000000 spread_bps=2.45670000 tension=0.00000000 bid_drop=0.00000000 ask_drop=0.00000000 swarm=0
2026-07-14T10:14:32Z,31,SKIP,SKIPPED,,,,,0,radar_block,reason=momentum_too_small conf=0.0 mom_sig=0.00000226 raw_mom_bps=0.00000000 spread_bps=2.45670000 tension=0.00000226 bid_drop=0.00000000 ask_drop=0.00001467 swarm=0
2026-07-14T10:14:40Z,32,SKIP,SKIPPED,,,,,0,radar_block,reason=momentum_too_small conf=0.2963 mom_sig=0.00000000 raw_mom_bps=0.00000000 spread_bps=2.45670000 tension=0.00000000 bid_drop=0.00000000 ask_drop=0.00000000 swarm=0
2026-07-14T10:14:48Z,33,SKIP,SKIPPED,,,,,0,radar_block,reason=momentum_too_small conf=0.0003 mom_sig=0.00022291 raw_mom_bps=0.00000000 spread_bps=2.45670000 tension=0.00022291 bid_drop=0.00000000 ask_drop=0.00144889 swarm=0
2026-07-14T10:14:57Z,34,SKIP,SKIPPED,,,,,0,radar_block,reason=direction_unclear conf=0.1047 mom_sig=0.06655088 raw_mom_bps=0.00000000 spread_bps=0.89350000 tension=0.06655088 bid_drop=0.00000000 ask_drop=0.43258071 swarm=0
2026-07-14T10:15:05Z,35,SKIP,SKIPPED,,,,,0,radar_block,reason=momentum_too_small conf=0.0001 mom_sig=0.00006923 raw_mom_bps=0.00000000 spread_bps=0.89350000 tension=0.00006923 bid_drop=0.00045001 ask_drop=0.00029310 swarm=0
2026-07-14T10:15:13Z,36,SKIP,SKIPPED,,,,,0,radar_block,reason=momentum_too_small conf=0.3305 mom_sig=0.00000000 raw_mom_bps=0.89357092 spread_bps=0.89350000 tension=0.00000000 bid_drop=0.00000000 ask_drop=0.00000000 swarm=0
2026-07-14T10:15:22Z,37,SKIP,SKIPPED,,,,,0,impulse_resonance_wait,reason=wall_not_collapsed tension=0.58612375 bid_drop=0.00000000 ask_drop=3.80980439
2026-07-14T10:15:31Z,38,SKIP,SKIPPED,,,,,0,impulse_resonance_wait,reason=wall_not_collapsed tension=0.46801609 bid_drop=0.00000000 ask_drop=3.04210460
2026-07-14T10:15:40Z,39,SKIP,SKIPPED,,,,,0,impulse_resonance_wait,reason=wall_not_collapsed tension=0.78920513 bid_drop=0.00000000 ask_drop=5.12983333
2026-07-14T10:15:48Z,40,SKIP,SKIPPED,,,,,0,impulse_resonance_wait,reason=wall_not_collapsed tension=0.72109746 bid_drop=0.00000000 ask_drop=4.68713352
2026-07-14T10:15:57Z,41,SKIP,SKIPPED,,,,,0,radar_block,reason=direction_unclear conf=0.013 mom_sig=0.04055926 raw_mom_bps=0.00000000 spread_bps=0.41490000 tension=0.04055926 bid_drop=0.00000000 ask_drop=0.26363517 swarm=0
2026-07-14T10:16:06Z,42,SKIP,SKIPPED,,,,,0,radar_block,reason=momentum_too_small conf=0.0004 mom_sig=0.00021902 raw_mom_bps=0.00000000 spread_bps=0.41490000 tension=0.00021902 bid_drop=0.00142360 ask_drop=0.00004020 swarm=0
2026-07-14T10:16:14Z,43,SKIP,SKIPPED,,,,,0,radar_block,reason=momentum_too_small conf=0.0001 mom_sig=0.00006929 raw_mom_bps=0.00000000 spread_bps=2.45670000 tension=0.00006929 bid_drop=0.00045040 ask_drop=0.00006532 swarm=0
2026-07-14T10:16:22Z,44,SKIP,SKIPPED,,,,,0,impulse_resonance_wait,reason=wall_not_collapsed tension=0.85544096 bid_drop=0.00000000 ask_drop=5.56036624
2026-07-14T10:16:31Z,45,SKIP,SKIPPED,,,,,0,radar_block,reason=momentum_too_small conf=0.0 mom_sig=0.00000502 raw_mom_bps=0.00000000 spread_bps=2.45670000 tension=0.00000502 bid_drop=0.00000000 ask_drop=0.00003261 swarm=0
2026-07-14T10:16:41Z,46,SKIP,SKIPPED,,,,,0,duo_wait,reason=no_trigger mode=none
2026-07-14T10:16:49Z,47,SKIP,SKIPPED,,,,,0,impulse_resonance_wait,reason=wall_not_collapsed tension=0.87160610 bid_drop=0.00000000 ask_drop=5.66543968
2026-07-14T10:16:57Z,48,SKIP,SKIPPED,,,,,0,radar_block,reason=momentum_too_small conf=0.0 mom_sig=0.00002647 raw_mom_bps=0.00000000 spread_bps=1.96230000 tension=0.00002647 bid_drop=0.00017208 ask_drop=0.00000000 swarm=0
2026-07-14T10:17:06Z,49,SKIP,SKIPPED,,,,,0,radar_block,reason=momentum_too_small conf=0.0001 mom_sig=0.00003786 raw_mom_bps=0.00000000 spread_bps=2.45670000 tension=0.00003786 bid_drop=0.00001811 ask_drop=0.00024609 swarm=0
2026-07-14T10:17:14Z,50,SKIP,SKIPPED,,,,,0,radar_block,reason=momentum_too_small conf=0.0075 mom_sig=0.00532454 raw_mom_bps=0.00000000 spread_bps=2.45670000 tension=0.00532454 bid_drop=0.00000000 ask_drop=0.03460954 swarm=0
2026-07-14T10:17:23Z,51,SKIP,SKIPPED,,,,,0,radar_block,reason=momentum_too_small conf=0.0 mom_sig=0.00001429 raw_mom_bps=-2.45671633 spread_bps=2.45670000 tension=0.00001429 bid_drop=0.00009290 ask_drop=0.00000000 swarm=0
2026-07-14T10:17:33Z,52,SKIP,SKIPPED,,,,,0,radar_block,reason=momentum_too_small conf=0.2963 mom_sig=0.00000000 raw_mom_bps=0.00000000 spread_bps=2.45670000 tension=0.00000000 bid_drop=0.00000000 ask_drop=0.00000000 swarm=0
2026-07-14T10:17:42Z,53,SKIP,SKIPPED,,,,,0,radar_block,reason=momentum_too_small conf=0.3071 mom_sig=0.00000000 raw_mom_bps=0.00000000 spread_bps=1.96220000 tension=0.00000000 bid_drop=0.00000000 ask_drop=0.00000000 swarm=0
2026-07-14T10:17:51Z,54,SKIP,SKIPPED,,,,,0,radar_block,reason=direction_unclear conf=0.0393 mom_sig=0.02783036 raw_mom_bps=0.00000000 spread_bps=2.45670000 tension=0.02783036 bid_drop=0.00000000 ask_drop=0.18089736 swarm=0
2026-07-14T10:18:00Z,55,SKIP,SKIPPED,,,,,0,radar_block,reason=direction_unclear conf=0.0117 mom_sig=0.06008061 raw_mom_bps=0.00000000 spread_bps=1.96220000 tension=0.06008061 bid_drop=0.00000000 ask_drop=0.39052397 swarm=0
2026-07-14T10:18:08Z,56,SKIP,SKIPPED,,,,,0,impulse_resonance_wait,reason=wall_not_collapsed tension=0.21912510 bid_drop=0.00010196 ask_drop=1.42431318
2026-07-14T10:18:16Z,57,SKIP,SKIPPED,,,,,0,impulse_resonance_wait,reason=wall_not_collapsed tension=0.66339590 bid_drop=0.00000000 ask_drop=4.31207333
2026-07-14T10:18:24Z,58,SKIP,SKIPPED,,,,,0,impulse_resonance_wait,reason=wall_not_collapsed tension=0.58379593 bid_drop=0.00000000 ask_drop=3.79467356
2026-07-14T10:18:33Z,59,SKIP,SKIPPED,,,,,0,radar_block,reason=momentum_too_small conf=0.0002 mom_sig=0.00014390 raw_mom_bps=0.00000000 spread_bps=2.45670000 tension=0.00014390 bid_drop=0.00000000 ask_drop=0.00093534 swarm=0
2026-07-14T10:18:41Z,60,SKIP,SKIPPED,,,,,0,radar_block,reason=momentum_too_small conf=0.0 mom_sig=0.00001354 raw_mom_bps=0.00000000 spread_bps=2.45670000 tension=0.00001354 bid_drop=0.00000000 ask_drop=0.00008801 swarm=0
2026-07-14T10:18:49Z,61,SKIP,SKIPPED,,,,,0,radar_block,reason=momentum_too_small conf=0.3064 mom_sig=0.00000000 raw_mom_bps=0.00000000 spread_bps=1.99420000 tension=0.00000000 bid_drop=0.00000000 ask_drop=0.00000000 swarm=0
2026-07-14T10:18:57Z,62,SKIP,SKIPPED,,,,,0,radar_block,reason=momentum_too_small conf=0.0002 mom_sig=0.00012266 raw_mom_bps=0.00000000 spread_bps=2.45670000 tension=0.00012266 bid_drop=0.00000000 ask_drop=0.00079729 swarm=0
2026-07-14T10:19:06Z,63,SKIP,SKIPPED,,,,,0,radar_block,reason=momentum_too_small conf=0.2963 mom_sig=0.00000000 raw_mom_bps=0.00000000 spread_bps=2.45670000 tension=0.00000000 bid_drop=0.00000000 ask_drop=0.00000000 swarm=0
2026-07-14T10:19:14Z,64,SKIP,SKIPPED,,,,,0,radar_block,reason=momentum_too_small conf=0.0 mom_sig=0.00001115 raw_mom_bps=0.00000000 spread_bps=2.45670000 tension=0.00001115 bid_drop=0.00000000 ask_drop=0.00007248 swarm=0
2026-07-14T10:19:22Z,65,SKIP,SKIPPED,,,,,0,radar_block,reason=momentum_too_small conf=0.0026 mom_sig=0.00183624 raw_mom_bps=0.00000000 spread_bps=2.45670000 tension=0.00183624 bid_drop=0.00000000 ask_drop=0.01193559 swarm=0
2026-07-14T10:19:31Z,66,SKIP,SKIPPED,,,,,0,radar_block,reason=momentum_too_small conf=0.0 mom_sig=0.00001200 raw_mom_bps=0.00000000 spread_bps=2.45670000 tension=0.00001200 bid_drop=0.00000000 ask_drop=0.00007799 swarm=0
2026-07-14T10:19:39Z,67,SKIP,SKIPPED,,,,,0,radar_block,reason=momentum_too_small conf=0.0001 mom_sig=0.00006193 raw_mom_bps=0.00000000 spread_bps=2.45670000 tension=0.00006193 bid_drop=0.00000000 ask_drop=0.00040252 swarm=0
2026-07-14T10:19:47Z,68,SKIP,SKIPPED,,,,,0,radar_block,reason=momentum_too_small conf=0.0005 mom_sig=0.00036764 raw_mom_bps=0.00000000 spread_bps=2.45670000 tension=0.00036764 bid_drop=0.00238967 ask_drop=0.00000000 swarm=0
2026-07-14T10:19:56Z,69,SKIP,SKIPPED,,,,,0,radar_block,reason=momentum_too_small conf=0.0 mom_sig=0.00001395 raw_mom_bps=0.00000000 spread_bps=2.45670000 tension=0.00001395 bid_drop=0.00009069 ask_drop=0.00000000 swarm=0
2026-07-14T10:20:05Z,70,SKIP,SKIPPED,,,,,0,radar_block,reason=momentum_too_small conf=0.0001 mom_sig=0.00006104 raw_mom_bps=0.00000000 spread_bps=2.45670000 tension=0.00006104 bid_drop=0.00039679 ask_drop=0.00002516 swarm=0
2026-07-14T10:20:13Z,71,SKIP,SKIPPED,,,,,0,impulse_resonance_wait,reason=wall_not_collapsed tension=0.30847579 bid_drop=0.00000000 ask_drop=2.00509264
2026-07-14T10:20:21Z,72,SKIP,SKIPPED,,,,,0,radar_block,reason=momentum_too_small conf=0.001 mom_sig=0.00073178 raw_mom_bps=0.00000000 spread_bps=2.47270000 tension=0.00073178 bid_drop=0.00475655 ask_drop=0.00000000 swarm=0
2026-07-14T10:20:30Z,73,SKIP,SKIPPED,,,,,0,radar_block,reason=momentum_too_small conf=0.0006 mom_sig=0.00039494 raw_mom_bps=0.00000000 spread_bps=2.47270000 tension=0.00039494 bid_drop=0.00000231 ask_drop=0.00256711 swarm=0
2026-07-14T10:20:39Z,74,SKIP,SKIPPED,,,,,0,radar_block,reason=direction_unclear conf=0.0616 mom_sig=0.04354748 raw_mom_bps=-0.84549328 spread_bps=2.42480000 tension=0.04354748 bid_drop=0.00060557 ask_drop=0.28305860 swarm=0
2026-07-14T10:20:49Z,75,SKIP,SKIPPED,,,,,0,radar_block,reason=momentum_too_small conf=0.2959 mom_sig=0.00000000 raw_mom_bps=-1.64326477 spread_bps=2.47270000 tension=0.00000000 bid_drop=0.00000000 ask_drop=0.00000000 swarm=0
2026-07-14T10:20:57Z,76,SKIP,SKIPPED,,,,,0,radar_block,reason=momentum_too_small conf=0.2959 mom_sig=0.00000000 raw_mom_bps=0.00000000 spread_bps=2.47270000 tension=0.00000000 bid_drop=0.00000000 ask_drop=0.00000000 swarm=0
2026-07-14T10:21:06Z,77,SKIP,SKIPPED,,,,,0,radar_block,reason=direction_unclear conf=0.0568 mom_sig=0.04031245 raw_mom_bps=0.00000000 spread_bps=2.47270000 tension=0.04031245 bid_drop=0.00000000 ask_drop=0.26203090 swarm=0
2026-07-14T10:21:15Z,78,SKIP,SKIPPED,,,,,0,radar_block,reason=momentum_too_small conf=0.2959 mom_sig=0.00000000 raw_mom_bps=0.00000000 spread_bps=2.47270000 tension=0.00000000 bid_drop=0.00000000 ask_drop=0.00000000 swarm=0
2026-07-14T10:21:24Z,79,SKIP,SKIPPED,,,,,0,radar_block,reason=momentum_too_small conf=0.0001 mom_sig=0.00005229 raw_mom_bps=0.00000000 spread_bps=1.80280000 tension=0.00005229 bid_drop=0.00000000 ask_drop=0.00033988 swarm=0
2026-07-14T10:21:33Z,80,SKIP,SKIPPED,,,,,0,radar_block,reason=momentum_too_small conf=0.0 mom_sig=0.00000444 raw_mom_bps=0.00000000 spread_bps=1.51570000 tension=0.00000444 bid_drop=0.00002887 ask_drop=0.00000000 swarm=0
2026-07-14T10:21:41Z,81,SKIP,SKIPPED,,,,,0,radar_block,reason=momentum_too_small conf=0.2949 mom_sig=0.00000000 raw_mom_bps=0.00000000 spread_bps=2.52050000 tension=0.00000000 bid_drop=0.00000000 ask_drop=0.00000000 swarm=0
2026-07-14T10:21:50Z,82,SKIP,SKIPPED,,,,,0,radar_block,reason=momentum_too_small conf=0.2949 mom_sig=0.00000000 raw_mom_bps=0.00000000 spread_bps=2.52050000 tension=0.00000000 bid_drop=0.00000000 ask_drop=0.00000000 swarm=0
2026-07-14T10:22:00Z,83,SKIP,SKIPPED,,,,,0,radar_block,reason=momentum_too_small conf=0.2949 mom_sig=0.00000000 raw_mom_bps=0.00000000 spread_bps=2.52050000 tension=0.00000000 bid_drop=0.00000000 ask_drop=0.00000000 swarm=0
2026-07-14T10:22:09Z,84,SKIP,SKIPPED,,,,,0,radar_block,reason=momentum_too_small conf=0.2949 mom_sig=0.00000000 raw_mom_bps=0.00000000 spread_bps=2.52050000 tension=0.00000000 bid_drop=0.00000000 ask_drop=0.00000000 swarm=0
2026-07-14T10:22:18Z,85,SKIP,SKIPPED,,,,,0,radar_block,reason=momentum_too_small conf=0.0004 mom_sig=0.00030029 raw_mom_bps=0.15956725 spread_bps=2.36100000 tension=0.00030029 bid_drop=0.00000000 ask_drop=0.00195188 swarm=0
2026-07-14T10:22:26Z,86,SKIP,SKIPPED,,,,,0,radar_block,reason=momentum_too_small conf=0.0 mom_sig=0.00002408 raw_mom_bps=0.00000000 spread_bps=2.47270000 tension=0.00002408 bid_drop=0.00015652 ask_drop=0.00000000 swarm=0
2026-07-14T10:22:35Z,87,SKIP,SKIPPED,,,,,0,radar_block,reason=momentum_too_small conf=0.0 mom_sig=0.00000271 raw_mom_bps=0.00000000 spread_bps=2.39290000 tension=0.00000271 bid_drop=0.00001761 ask_drop=0.00000000 swarm=0
2026-07-14T10:22:46Z,88,SKIP,SKIPPED,,,,,0,radar_block,reason=momentum_too_small conf=0.0001 mom_sig=0.00003672 raw_mom_bps=0.00000000 spread_bps=2.44080000 tension=0.00003672 bid_drop=0.00023869 ask_drop=0.00000000 swarm=0
2026-07-14T10:22:54Z,89,SKIP,SKIPPED,,,,,0,radar_block,reason=momentum_too_small conf=0.0 mom_sig=0.00001232 raw_mom_bps=0.00000000 spread_bps=2.39290000 tension=0.00001232 bid_drop=0.00000000 ask_drop=0.00008007 swarm=0
2026-07-14T10:23:03Z,90,SKIP,SKIPPED,,,,,0,radar_block,reason=momentum_too_small conf=0.0 mom_sig=0.00001385 raw_mom_bps=-0.01595657 spread_bps=1.67520000 tension=0.00001385 bid_drop=0.00009000 ask_drop=0.00000000 swarm=0
2026-07-14T10:23:11Z,91,SKIP,SKIPPED,,,,,0,radar_block,reason=momentum_too_small conf=0.3134 mom_sig=0.00000000 raw_mom_bps=0.00000000 spread_bps=1.67520000 tension=0.00000000 bid_drop=0.00000000 ask_drop=0.00000000 swarm=0
2026-07-14T10:23:20Z,92,SKIP,SKIPPED,,,,,0,impulse_resonance_wait,reason=wall_not_collapsed tension=0.55377861 bid_drop=3.59956098 ask_drop=0.00256845
2026-07-14T10:23:30Z,93,SKIP,SKIPPED,,,,,0,duo_wait,reason=no_trigger mode=none
2026-07-14T10:23:39Z,94,SKIP,SKIPPED,,,,,0,duo_wait,reason=no_trigger mode=none
2026-07-14T10:23:48Z,95,SKIP,SKIPPED,,,,,0,radar_block,reason=momentum_too_small conf=0.2984 mom_sig=0.00000000 raw_mom_bps=0.00000000 spread_bps=2.36100000 tension=0.00000000 bid_drop=0.00000000 ask_drop=0.00000000 swarm=0
2026-07-14T10:23:56Z,96,SKIP,SKIPPED,,,,,0,impulse_resonance_wait,reason=wall_not_collapsed tension=0.55733528 bid_drop=3.62267931 ask_drop=0.00000000
2026-07-14T10:24:05Z,97,SKIP,SKIPPED,,,,,0,radar_block,reason=direction_unclear conf=0.0114 mom_sig=0.04285310 raw_mom_bps=0.00000000 spread_bps=2.36100000 tension=0.04285310 bid_drop=0.00249291 ask_drop=0.27854516 swarm=0
2026-07-14T10:24:13Z,98,SKIP,SKIPPED,,,,,0,impulse_resonance_wait,reason=wall_not_collapsed tension=0.96981035 bid_drop=6.30376726 ask_drop=0.00000000
2026-07-14T10:24:22Z,99,SKIP,SKIPPED,,,,,0,radar_block,reason=momentum_too_small conf=0.0 mom_sig=0.00001108 raw_mom_bps=0.00000000 spread_bps=2.36100000 tension=0.00001108 bid_drop=0.00007204 ask_drop=0.00000000 swarm=0
2026-07-14T10:24:31Z,100,SKIP,SKIPPED,,,,,0,radar_block,reason=momentum_too_small conf=0.0 mom_sig=0.00002431 raw_mom_bps=0.00000000 spread_bps=0.97320000 tension=0.00002431 bid_drop=0.00015803 ask_drop=0.00000000 swarm=0
2026-07-14T10:24:40Z,101,SKIP,SKIPPED,,,,,0,radar_block,reason=momentum_too_small conf=0.2984 mom_sig=0.00000000 raw_mom_bps=0.00000000 spread_bps=2.36100000 tension=0.00000000 bid_drop=0.00000000 ask_drop=0.00000000 swarm=0
2026-07-14T10:24:49Z,102,SKIP,SKIPPED,,,,,0,radar_block,reason=momentum_too_small conf=0.3099 mom_sig=0.00000000 raw_mom_bps=0.00000000 spread_bps=1.83460000 tension=0.00000000 bid_drop=0.00000000 ask_drop=0.00000000 swarm=0
2026-07-14T10:24:57Z,103,SKIP,SKIPPED,,,,,0,radar_block,reason=momentum_too_small conf=0.0 mom_sig=0.00000673 raw_mom_bps=0.00000000 spread_bps=2.01000000 tension=0.00000673 bid_drop=0.00000000 ask_drop=0.00004376 swarm=0
2026-07-14T10:25:06Z,104,SKIP,SKIPPED,,,,,0,radar_block,reason=momentum_too_small conf=0.0 mom_sig=0.00002303 raw_mom_bps=0.00000000 spread_bps=1.83460000 tension=0.00002303 bid_drop=0.00000000 ask_drop=0.00014972 swarm=0
