ts,stream,side,kind,px,pnlGross,msg
2026-09-02T17:26:00,ALPHA,LONG,ENTRY,77034.20,0.0000,BOOTSTRAP(H=0→entrée forcée)
2026-09-02T17:26:00,BETA,SHORT,ENTRY,77034.20,0.0000,BOOTSTRAP(H=0→entrée forcée)
2026-09-02T17:27:00,ALPHA,LONG,EXIT,77037.84,0.3856,trailing_stop net=-1.3744 hold=60s
2026-09-02T17:27:00,BETA,SHORT,EXIT,77019.78,1.5275,trailing_stop net=-0.2325 hold=60s
2026-09-02T17:31:00,ALPHA,LONG,ENTRY,77086.90,0.0000,H=1(SHADOW)
2026-09-02T17:31:00,BETA,SHORT,ENTRY,77086.90,0.0000,H=1(SHADOW)
2026-09-02T17:32:00,ALPHA,LONG,EXIT,77115.53,3.0328,trailing_stop net=+1.2728 hold=60s
2026-09-02T17:32:00,BETA,SHORT,EXIT,77077.24,1.0233,trailing_stop net=-0.7367 hold=60s
2026-09-02T17:36:00,ALPHA,LONG,ENTRY,77140.20,0.0000,H=1(SHADOW)
2026-09-02T17:36:00,BETA,SHORT,ENTRY,77140.20,0.0000,H=1(SHADOW)
2026-09-02T17:37:00,ALPHA,LONG,EXIT,77159.31,2.0243,trailing_stop net=+0.2643 hold=60s
2026-09-02T17:38:00,BETA,SHORT,EXIT,77133.69,0.6896,trailing_stop net=-1.0704 hold=120s
2026-09-02T17:41:00,ALPHA,LONG,ENTRY,77150.00,0.0000,H=1(SHADOW)
2026-09-02T17:41:00,BETA,SHORT,ENTRY,77150.00,0.0000,H=1(SHADOW)
2026-09-02T17:42:00,ALPHA,LONG,EXIT,77154.41,0.4672,trailing_stop net=-1.2928 hold=60s
2026-09-02T17:42:00,BETA,SHORT,EXIT,77122.98,2.8622,trailing_stop net=+1.1022 hold=60s
2026-09-02T17:46:00,ALPHA,LONG,ENTRY,77316.00,0.0000,H=1(SHADOW)
2026-09-02T17:46:00,BETA,SHORT,ENTRY,77316.00,0.0000,H=1(SHADOW)
2026-09-02T17:47:00,ALPHA,LONG,EXIT,77326.92,1.1568,trailing_stop net=-0.6032 hold=60s
2026-09-02T17:47:00,BETA,SHORT,EXIT,77291.57,2.5879,trailing_stop net=+0.8279 hold=60s
2026-09-02T17:51:00,ALPHA,LONG,ENTRY,77337.50,0.0000,H=1(SHADOW)
2026-09-02T17:51:00,BETA,SHORT,ENTRY,77337.50,0.0000,H=1(SHADOW)
2026-09-02T17:52:00,BETA,SHORT,EXIT,77324.13,1.4163,trailing_stop net=-0.3437 hold=60s
2026-09-02T17:56:00,BETA,SHORT,ENTRY,77317.30,0.0000,H=1(SHADOW)
2026-09-02T17:57:00,ALPHA,LONG,EXIT,77351.08,1.4385,trailing_stop net=-0.3215 hold=360s
2026-09-02T17:57:00,BETA,SHORT,EXIT,77297.00,2.1504,trailing_stop net=+0.3904 hold=60s
2026-09-02T18:01:00,ALPHA,LONG,ENTRY,77310.00,0.0000,H=1(SHADOW)
2026-09-02T18:01:00,BETA,SHORT,ENTRY,77310.00,0.0000,H=1(SHADOW)
2026-09-02T18:02:00,ALPHA,LONG,EXIT,77334.71,2.6175,trailing_stop net=+0.8575 hold=60s
2026-09-02T18:02:00,BETA,SHORT,EXIT,77291.31,1.9798,trailing_stop net=+0.2198 hold=60s
2026-09-02T18:06:00,ALPHA,LONG,ENTRY,77314.10,0.0000,H=1(SHADOW)
2026-09-02T18:06:00,BETA,SHORT,ENTRY,77314.10,0.0000,H=1(SHADOW)
2026-09-02T18:07:00,ALPHA,LONG,EXIT,77316.55,0.2595,trailing_stop net=-1.5005 hold=60s
2026-09-02T18:07:00,BETA,SHORT,EXIT,77300.94,1.3940,trailing_stop net=-0.3660 hold=60s
2026-09-02T18:11:00,ALPHA,LONG,ENTRY,77387.50,0.0000,H=1(SHADOW)
2026-09-02T18:11:00,BETA,SHORT,ENTRY,77387.50,0.0000,H=1(SHADOW)
2026-09-02T18:12:00,BETA,SHORT,EXIT,77374.55,1.3718,trailing_stop net=-0.3882 hold=60s
2026-09-02T18:13:00,ALPHA,LONG,EXIT,77387.99,0.0519,trailing_stop net=-1.7081 hold=120s
2026-09-02T18:16:00,ALPHA,LONG,ENTRY,77396.80,0.0000,H=1(SHADOW)
2026-09-02T18:16:00,BETA,SHORT,ENTRY,77396.80,0.0000,H=1(SHADOW)
2026-09-02T18:17:00,ALPHA,LONG,EXIT,77398.97,0.2299,trailing_stop net=-1.5301 hold=60s
2026-09-02T18:17:00,BETA,SHORT,EXIT,77379.37,1.8464,trailing_stop net=+0.0864 hold=60s
2026-09-02T18:21:00,ALPHA,LONG,ENTRY,77402.40,0.0000,H=1(SHADOW)
2026-09-02T18:21:00,BETA,SHORT,ENTRY,77402.40,0.0000,H=1(SHADOW)
2026-09-02T18:22:00,BETA,SHORT,EXIT,77349.48,5.6058,trailing_stop net=+3.8458 hold=60s
2026-09-02T18:23:00,ALPHA,LONG,EXIT,77413.46,1.1716,trailing_stop net=-0.5884 hold=120s
2026-09-02T18:26:00,ALPHA,LONG,ENTRY,77421.60,0.0000,H=1(SHADOW)
2026-09-02T18:26:00,BETA,SHORT,ENTRY,77421.60,0.0000,H=1(SHADOW)
2026-09-02T18:27:00,ALPHA,LONG,EXIT,77441.41,2.0985,trailing_stop net=+0.3385 hold=60s
2026-09-02T18:27:00,BETA,SHORT,EXIT,77406.13,1.6387,trailing_stop net=-0.1213 hold=60s
2026-09-02T18:31:00,ALPHA,LONG,ENTRY,77416.50,0.0000,H=1(SHADOW)
2026-09-02T18:31:00,BETA,SHORT,ENTRY,77416.50,0.0000,H=1(SHADOW)
2026-09-02T18:32:00,ALPHA,LONG,EXIT,77418.81,0.2447,trailing_stop net=-1.5153 hold=60s
2026-09-02T18:32:00,BETA,SHORT,EXIT,77412.72,0.4004,trailing_stop net=-1.3596 hold=60s
2026-09-02T18:36:00,ALPHA,LONG,ENTRY,77384.00,0.0000,H=1(SHADOW)
2026-09-02T18:36:00,BETA,SHORT,ENTRY,77384.00,0.0000,H=1(SHADOW)
2026-09-02T18:37:00,BETA,SHORT,EXIT,77315.40,7.2668,trailing_stop net=+5.5068 hold=60s
2026-09-02T18:41:00,BETA,SHORT,ENTRY,77266.50,0.0000,H=1(SHADOW)
2026-09-02T18:46:00,BETA,SHORT,EXIT,77257.12,0.9936,trailing_stop net=-0.7664 hold=300s
2026-09-02T18:51:00,BETA,SHORT,ENTRY,77343.50,0.0000,H=1(SHADOW)
2026-09-02T18:52:00,BETA,SHORT,EXIT,77295.69,5.0645,trailing_stop net=+3.3045 hold=60s
2026-09-02T18:56:00,BETA,SHORT,ENTRY,77342.30,0.0000,H=1(SHADOW)
2026-09-02T18:57:00,BETA,SHORT,EXIT,77316.40,2.7436,trailing_stop net=+0.9836 hold=60s
2026-09-02T19:01:00,BETA,SHORT,ENTRY,77316.00,0.0000,H=1(SHADOW)
2026-09-02T19:02:00,BETA,SHORT,EXIT,77299.83,1.7129,trailing_stop net=-0.0471 hold=60s
2026-09-02T19:06:00,BETA,SHORT,ENTRY,77311.70,0.0000,H=1(SHADOW)
2026-09-02T19:10:00,BETA,SHORT,EXIT,77310.72,0.1038,trailing_stop net=-1.6562 hold=240s
2026-09-02T19:11:00,BETA,SHORT,ENTRY,77325.30,0.0000,H=1(SHADOW)
2026-09-02T19:12:00,BETA,SHORT,EXIT,77304.23,2.2319,trailing_stop net=+0.4719 hold=60s
2026-09-02T19:15:00,ALPHA,LONG,EXIT,77384.70,0.0742,trailing_stop net=-1.6858 hold=2340s
2026-09-02T19:16:00,ALPHA,LONG,ENTRY,77333.30,0.0000,H=1(SHADOW)
2026-09-02T19:16:00,BETA,SHORT,ENTRY,77333.30,0.0000,H=1(SHADOW)
2026-09-02T19:17:00,ALPHA,LONG,EXIT,77340.16,0.7267,trailing_stop net=-1.0333 hold=60s
2026-09-02T19:17:00,BETA,SHORT,EXIT,77289.13,4.6789,trailing_stop net=+2.9189 hold=60s
2026-09-02T19:21:00,ALPHA,LONG,ENTRY,77222.30,0.0000,H=1(SHADOW)
2026-09-02T19:21:00,BETA,SHORT,ENTRY,77222.30,0.0000,H=1(SHADOW)
2026-09-02T19:22:00,ALPHA,LONG,EXIT,77236.65,1.5201,trailing_stop net=-0.2399 hold=60s
2026-09-02T19:22:00,BETA,SHORT,EXIT,77216.63,0.6006,trailing_stop net=-1.1594 hold=60s
2026-09-02T19:26:00,ALPHA,LONG,ENTRY,77201.00,0.0000,H=1(SHADOW)
2026-09-02T19:26:00,BETA,SHORT,ENTRY,77201.00,0.0000,H=1(SHADOW)
2026-09-02T19:27:00,BETA,SHORT,EXIT,77183.22,1.8834,trailing_stop net=+0.1234 hold=60s
2026-09-02T19:31:00,BETA,SHORT,ENTRY,77128.00,0.0000,H=1(SHADOW)
2026-09-02T19:32:00,BETA,SHORT,EXIT,77115.75,1.2976,trailing_stop net=-0.4624 hold=60s
2026-09-02T19:36:00,BETA,SHORT,ENTRY,77098.00,0.0000,H=1(SHADOW)
2026-09-02T19:37:00,BETA,SHORT,EXIT,77095.90,0.2225,trailing_stop net=-1.5375 hold=60s
2026-09-02T19:40:00,ALPHA,LONG,EXIT,77211.43,1.1048,trailing_stop net=-0.6552 hold=840s
2026-09-02T19:41:00,ALPHA,LONG,ENTRY,77180.20,0.0000,H=1(SHADOW)
2026-09-02T19:41:00,BETA,SHORT,ENTRY,77180.20,0.0000,H=1(SHADOW)
2026-09-02T19:42:00,ALPHA,LONG,EXIT,77204.56,2.5805,trailing_stop net=+0.8205 hold=60s
2026-09-02T19:42:00,BETA,SHORT,EXIT,77172.78,0.7860,trailing_stop net=-0.9740 hold=60s
2026-09-02T19:46:00,ALPHA,LONG,ENTRY,77196.30,0.0000,H=1(SHADOW)
2026-09-02T19:46:00,BETA,SHORT,ENTRY,77196.30,0.0000,H=1(SHADOW)
2026-09-02T19:47:00,ALPHA,LONG,EXIT,77210.23,1.4756,trailing_stop net=-0.2844 hold=60s
2026-09-02T19:47:00,BETA,SHORT,EXIT,77177.12,2.0317,trailing_stop net=+0.2717 hold=60s
2026-09-02T19:51:00,ALPHA,LONG,ENTRY,77206.50,0.0000,H=1(SHADOW)
2026-09-02T19:51:00,BETA,SHORT,ENTRY,77206.50,0.0000,H=1(SHADOW)
2026-09-02T19:52:00,ALPHA,LONG,EXIT,77243.11,3.8781,trailing_stop net=+2.1181 hold=60s
2026-09-02T19:53:00,BETA,SHORT,EXIT,77176.82,3.1440,trailing_stop net=+1.3840 hold=120s
2026-09-02T19:56:00,ALPHA,LONG,ENTRY,77142.30,0.0000,H=1(SHADOW)
2026-09-02T19:56:00,BETA,SHORT,ENTRY,77142.30,0.0000,H=1(SHADOW)
2026-09-02T19:57:00,ALPHA,LONG,EXIT,77174.08,3.3665,trailing_stop net=+1.6065 hold=60s
2026-09-02T20:01:00,ALPHA,LONG,ENTRY,77281.00,0.0000,H=1(SHADOW)
2026-09-02T20:02:00,ALPHA,LONG,EXIT,77353.59,7.6895,trailing_stop net=+5.9295 hold=60s
2026-09-02T20:06:00,ALPHA,LONG,ENTRY,77401.70,0.0000,H=1(SHADOW)
2026-09-02T20:07:00,ALPHA,LONG,EXIT,77463.44,6.5401,trailing_stop net=+4.7801 hold=60s
2026-09-02T20:11:00,ALPHA,LONG,ENTRY,77332.20,0.0000,H=1(SHADOW)
2026-09-02T20:12:00,ALPHA,LONG,EXIT,77335.00,0.2966,trailing_stop net=-1.4634 hold=60s
2026-09-02T20:16:00,ALPHA,LONG,ENTRY,77249.10,0.0000,H=1(SHADOW)
2026-09-02T20:20:00,ALPHA,LONG,EXIT,77307.97,6.2361,trailing_stop net=+4.4761 hold=240s
2026-09-02T20:21:00,ALPHA,LONG,ENTRY,77326.30,0.0000,H=1(SHADOW)
2026-09-02T20:22:00,ALPHA,LONG,EXIT,77369.49,4.5751,trailing_stop net=+2.8151 hold=60s
2026-09-02T20:26:00,ALPHA,LONG,ENTRY,77396.70,0.0000,H=1(SHADOW)
2026-09-02T20:32:00,ALPHA,LONG,EXIT,77405.87,0.9714,trailing_stop net=-0.7886 hold=360s
2026-09-02T20:36:00,ALPHA,LONG,ENTRY,77447.00,0.0000,H=1(SHADOW)
2026-09-02T21:56:00,BETA,SHORT,EXIT,77296.80,-16.3662,h_gate_off net=-18.1262 hold=7200s
2026-09-02T22:36:00,ALPHA,LONG,EXIT,77068.00,-40.1475,h_gate_off net=-41.9075 hold=7200s
