ts,pair,regime,asp_side,drop_bid_pct_per_s,drop_ask_pct_per_s,max_drop_pct_per_s,spread_bps,spread_delta_bps,wall_bid_usdt,wall_ask_usdt,notional_ok,spoof,price_delta_pct,btc_price,btc_delta_pct,delay_s,price
2026-09-04T02:26:43Z,XLMUSDT,OBS,SELL,0.14,0.0,0.14,5.48,0.0,61682.61,65346.69,True,False,0.0,80692.69,0.0,0.829,0.1823
2026-09-04T02:26:45Z,SOLUSDT,OBS,NONE,0.0,0.0,0.0,0.97,0.0,491741.75,513182.7,True,False,0.0,80692.69,0.0,0.709,103.35
2026-09-04T02:27:00Z,ZAMAUSDT,OBS,BUY,0.0,0.3,0.3,1.83,-1.83,2317.05,3537.49,True,False,-0.0091,80692.69,0.0,0.743,0.05467
2026-09-04T02:27:02Z,GOLD(PAXG)USDT,OBS,SELL,47.15,8.1,47.15,0.02,-0.0,21448.69,28686.54,True,False,0.004,80692.69,0.0,0.787,4472.01
2026-09-04T02:27:04Z,ALGOUSDT,OBS,NONE,0.0,0.0,0.0,11.91,-1.08,65046.46,49529.15,True,False,-0.0054,80692.69,0.0,0.852,0.09232
2026-09-04T02:27:06Z,IXSUSDT,OBS,NONE,0.0,0.0,0.0,76.05,0.0,910.84,594.08,True,False,0.0,80692.69,0.0,0.742,0.0527
2026-09-04T02:27:09Z,XDCUSDT,OBS,NONE,0.0,0.0,0.0,14.34,0.0,2768.4,2879.67,True,False,0.0,80692.69,0.0,0.841,0.02788
2026-09-04T02:27:12Z,QNTUSDT,OBS,NONE,0.0,0.0,0.0,3.06,0.0,1258.63,371.42,True,False,0.0,80692.69,0.0,0.823,65.3
2026-09-04T02:27:26Z,JASMYUSDT,OBS,NONE,0.0,0.0,0.0,27.58,0.0,18544.88,9006.73,True,False,0.0,80692.69,0.0,0.887,0.00471
